NGÀY,GIÁ MỞ CỬA,GIÁ CAO NHẤT,GIÁ THẤP NHẤT,GIÁ ĐÓNG CỬA,THAY ĐỔI GIÁ,% THAY ĐỔI,KHỐI LƯỢNG
14/03/2025,62400,62700,62100,62100,100,0.001612903225806539,2696700
13/03/2025,62300,62900,61900,62000,-200,-0.003215434083601254,5100400
12/03/2025,62500,62800,62200,62200,-200,-0.0032051282051281937,2755400
11/03/2025,62300,62500,62100,62400,-100,-0.0016000000000000458,2287600
10/03/2025,63000,63000,62500,62500,-200,-0.0031897926634768536,2529500
07/03/2025,62900,63000,62400,62700,-200,-0.0031796502384737746,2655600
06/03/2025,62700,62900,62200,62900,200,0.0031897926634769647,3125600
05/03/2025,63600,63600,62700,62700,-800,-0.012598425196850394,2275500
04/03/2025,63200,63800,62900,63500,300,0.004746835443038,6042000
03/03/2025,62800,63200,62300,63200,1000,0.016077170418006492,3610600
28/02/2025,62300,63200,62200,62200,0,0,4175600
27/02/2025,63200,63200,62200,62200,-900,-0.014263074484944571,3520600
26/02/2025,63000,63400,62900,63100,200,0.0031796502384737746,3636600
25/02/2025,64000,64000,62600,62900,-900,-0.014106583072100332,3884200
24/02/2025,61600,63900,61600,63800,2400,0.039087947882736174,11512800
21/02/2025,60800,62100,60600,61400,700,0.011532125205930832,4717200
20/02/2025,60900,60900,60600,60700,-100,-0.00164473684210531,2627900
19/02/2025,60300,60900,60300,60800,500,0.008291873963515828,3072700
18/02/2025,60400,60500,60000,60300,300,0.004999999999999893,2436800
17/02/2025,60400,60600,60000,60000,-300,-0.00497512437810943,3612400
14/02/2025,60700,60700,60300,60300,-400,-0.00658978583196046,6401800
13/02/2025,61000,61000,60400,60700,-300,-0.004918032786885296,2576800
12/02/2025,60600,61000,60500,61000,600,0.009933774834437026,2756600
11/02/2025,60600,60700,60100,60400,-200,-0.0033003300330033403,3433800
10/02/2025,61200,61200,60600,60600,-200,-0.003289473684210509,2592100
07/02/2025,60700,61200,60600,60800,100,0.0016474464579900872,2552300
06/02/2025,61500,61600,60500,60700,-800,-0.013008130081300862,3024800
05/02/2025,60400,61500,60400,61500,1300,0.021594684385382035,3198100
04/02/2025,60600,60900,60000,60200,-300,-0.0049586776859503745,7125000
03/02/2025,62200,62200,60500,60500,-1700,-0.02733118971061088,7279900
24/01/2025,61900,62500,61800,62200,200,0.003225806451612856,1576400
23/01/2025,61600,62300,61600,62000,400,0.006493506493506551,1781300
22/01/2025,62000,62000,61600,61600,-200,-0.003236245954692518,1760900
21/01/2025,62000,62100,61600,61800,-100,-0.001615508885298822,1403900
20/01/2025,62000,62200,61600,61900,-100,-0.001612903225806428,1633600
17/01/2025,62200,62200,62000,62000,100,0.001615508885298933,889400
16/01/2025,62300,62600,61700,61900,200,0.0032414910858995505,1684500
15/01/2025,62100,62300,61700,61700,100,0.0016233766233766378,1216400
14/01/2025,61400,61800,61300,61600,200,0.0032573289902280145,1147600
13/01/2025,61200,61900,61100,61400,100,0.0016313213703098572,1101700
10/01/2025,61700,61900,61300,61300,-500,-0.008090614886731351,1189800
09/01/2025,61800,61900,61300,61800,100,0.0016207455429497752,1500000
08/01/2025,62000,62100,61200,61700,0,0,2053300
07/01/2025,62600,63000,61600,61700,-800,-0.012800000000000034,2802100
06/01/2025,63000,63200,62500,62500,-500,-0.007936507936507908,2103500
03/01/2025,63200,63300,62900,63000,-100,-0.0015847860538826808,1776700
02/01/2025,63600,63800,63100,63100,-300,-0.004731861198738141,1336600
31/12/2024,63400,63800,63300,63400,100,0.0015797788309637184,1641900
30/12/2024,63600,63700,63300,63300,-500,-0.00783699059561127,1490800
27/12/2024,63900,64100,63700,63800,0,0,2443700
26/12/2024,64200,64200,63800,63800,-100,-0.0015649452269170805,1708800
25/12/2024,63900.00000219284,64396.11801463223,63900.00000219284,63900.00000219284,100,0.0015552099533437946,1382500
24/12/2024,63900.00000219284,64197.670809656476,63602.32919472922,63800.77639970497,-100,-0.0015527950310558758,4725000
23/12/2024,64197.670809656476,64495.34161712011,63800.77639970497,63900.00000219284,-600,-0.009230769230769265,1367800
20/12/2024,63503.105592241336,64495.34161712011,63503.105592241336,64495.34161712011,1100,0.017214397496087663,3799600
19/12/2024,63900.00000219284,63999.22360468072,63403.881989753456,63403.881989753456,-800,-0.012364760432766575,2646900
18/12/2024,64495.34161712011,64594.56521960798,64197.670809656476,64197.670809656476,100,0.001547987616099089,1614100
17/12/2024,64396.11801463223,64495.34161712011,63999.22360468072,64098.447207168596,-400,-0.006153846153846176,1204000
16/12/2024,63701.55279721709,64693.78882209586,63701.55279721709,64495.34161712011,800,0.012461059190031154,2387600
13/12/2024,63800.77639970497,63999.22360468072,63602.32919472922,63701.55279721709,-400,-0.006191950464396245,1396700
12/12/2024,63701.55279721709,64396.11801463223,63701.55279721709,64098.447207168596,400,0.006230529595015577,2249807
11/12/2024,63403.881989753456,64098.447207168596,63403.881989753456,63701.55279721709,300,0.0046948356807512415,2024600
10/12/2024,63602.32919472922,63900.00000219284,63403.881989753456,63403.881989753456,-200,-0.0031201248049922414,1711000
09/12/2024,63999.22360468072,63999.22360468072,63503.105592241336,63602.32919472922,0,0,1762700
06/12/2024,63999.22360468072,64296.89441214435,63602.32919472922,63602.32919472922,-200,-0.0031104199066873672,1677900
05/12/2024,63006.98757980195,64197.670809656476,62709.316772338316,63800.77639970497,1000,0.01579778830963674,2218400
04/12/2024,63304.65838726558,63403.881989753456,62808.540374826196,62808.540374826196,-600,-0.009389671361502372,2745800
03/12/2024,64098.447207168596,64098.447207168596,63403.881989753456,63403.881989753456,-600,-0.009302325581395321,2425200
02/12/2024,64098.447207168596,64296.89441214435,63701.55279721709,63999.22360468072,-100,-0.001547987616099089,1229100
29/11/2024,63999.22360468072,64296.89441214435,63800.77639970497,64098.447207168596,100,0.0015503875968991832,1105500
28/11/2024,64495.34161712011,64495.34161712011,63999.22360468072,63999.22360468072,-100,-0.001547987616099089,1273300
27/11/2024,64296.89441214435,64495.34161712011,63999.22360468072,64098.447207168596,-200,-0.0030864197530864335,1586400
26/11/2024,63999.22360468072,64495.34161712011,63900.00000219284,64296.89441214435,500,0.007776049766718529,1675600
25/11/2024,63800.77639970497,64098.447207168596,63701.55279721709,63800.77639970497,0,0,2446600
22/11/2024,63403.881989753456,64296.89441214435,63403.881989753456,63800.77639970497,400,0.006259780907668322,2585700
21/11/2024,63205.4347847777,63602.32919472922,62907.763977314076,63403.881989753456,300,0.004716981132075526,2253500
20/11/2024,62510.86956736256,63304.65838726558,62411.64596487469,63106.21118228983,600,0.00952380952380949,2818000
19/11/2024,62808.540374826196,63006.98757980195,62510.86956736256,62510.86956736256,-200,-0.0031645569620253333,2833600
18/11/2024,63205.4347847777,63701.55279721709,62709.316772338316,62709.316772338316,-500,-0.00784929356357933,3797000
15/11/2024,64396.11801463223,64396.11801463223,63205.4347847777,63205.4347847777,-1300,-0.020000000000000018,3688300
14/11/2024,64495.34161712011,64495.34161712011,64197.670809656476,64495.34161712011,0,0,1779900
13/11/2024,64594.56521960798,65090.68323204737,64197.670809656476,64495.34161712011,100,0.0015408320493066618,2820700
12/11/2024,64693.78882209586,65189.90683453525,64296.89441214435,64396.11801463223,-300,-0.004601226993865004,1729600
11/11/2024,65189.90683453525,65289.13043702312,64197.670809656476,64693.78882209586,-500,-0.007610350076103556,2737600
08/11/2024,65487.577641998876,65686.02484697463,65090.68323204737,65189.90683453525,-200,-0.003034901365705611,1852400
07/11/2024,65487.577641998876,65686.02484697463,65090.68323204737,65388.354039511,100,0.001519756838905817,1152300
06/11/2024,65487.577641998876,65487.577641998876,64793.012424583736,65289.13043702312,300,0.004580152671755711,2594600
05/11/2024,65189.90683453525,65487.577641998876,64991.45962955949,64991.45962955949,-100,-0.0015243902439023849,1060900
04/11/2024,65388.354039511,66082.91925692614,65090.68323204737,65090.68323204737,-200,-0.003039513677811523,2118800
01/11/2024,65586.80124448675,65785.24844946251,65090.68323204737,65289.13043702312,-300,-0.004538577912254205,2178005
31/10/2024,66082.91925692614,66082.91925692614,64793.012424583736,65586.80124448675,-200,-0.003016591251885359,5269100
30/10/2024,66479.81366687764,66777.48447434128,65785.24844946251,65785.24844946251,-700,-0.010447761194029903,3431700
29/10/2024,66777.48447434128,66777.48447434128,66281.3664619019,66479.81366687764,-200,-0.0029761904761904656,2030600
28/10/2024,67174.37888429279,67472.04969175642,66182.14285941402,66678.2608718534,-800,-0.0117647058823529,2923300
25/10/2024,68067.39130668368,68067.39130668368,67372.82608926854,67472.04969175642,-400,-0.005847953216374324,2170200
24/10/2024,66777.48447434128,68464.28571663519,66777.48447434128,67868.94410170792,1100,0.01634472511144125,4365000
23/10/2024,66777.48447434128,67075.15528180491,66678.2608718534,66777.48447434128,0,0,1835900
22/10/2024,66777.48447434128,67273.60248678067,66678.2608718534,66777.48447434128,0,0,2250400
21/10/2024,66876.70807682916,67372.82608926854,66678.2608718534,66777.48447434128,-100,-0.0014836795252225476,1860000
18/10/2024,67075.15528180491,67472.04969175642,66876.70807682916,66876.70807682916,-200,-0.00295857988165682,1737502
17/10/2024,67075.15528180491,67372.82608926854,66777.48447434128,67075.15528180491,100,0.001481481481481417,1655019
16/10/2024,66281.3664619019,67571.2732942443,66281.3664619019,66975.93167931703,700,0.010479041916167775,2003900
15/10/2024,66678.2608718534,66876.70807682916,66182.14285941402,66281.3664619019,-400,-0.005952380952380931,3473302
14/10/2024,67571.2732942443,67571.2732942443,66579.03726936552,66678.2608718534,-500,-0.00738552437223039,3220500
11/10/2024,67571.2732942443,67670.49689673218,66975.93167931703,67174.37888429279,0,0,2690038
10/10/2024,67769.72049922006,68265.83851165943,67174.37888429279,67174.37888429279,-100,-0.001474926253687281,3122515
09/10/2024,67769.72049922006,68067.39130668368,67273.60248678067,67273.60248678067,-400,-0.0058651026392961825,3827960
08/10/2024,66678.2608718534,67670.49689673218,66678.2608718534,67670.49689673218,1100,0.016393442622950838,3182649
07/10/2024,68166.61490917156,68761.95652409882,66579.03726936552,66579.03726936552,-1400,-0.020437956204379604,5986300
04/10/2024,69952.63975395335,69952.63975395335,67868.94410170792,67968.1677041958,-1800,-0.02560455192034139,6134000
03/10/2024,69654.96894648971,69952.63975395335,69357.29813902608,69754.19254897759,200,0.0028530670470756636,2948000
02/10/2024,69654.96894648971,69654.96894648971,69059.62733156246,69555.74534400184,0,0,2139900
01/10/2024,69654.96894648971,70151.0869589291,69555.74534400184,69555.74534400184,0,0,2040200
30/09/2024,70448.75776639274,70448.75776639274,69555.74534400184,69555.74534400184,-900,-0.012676056338028152,2043516
27/09/2024,70250.31056141698,70647.20497136848,70151.0869589291,70448.75776639274,300,0.004243281471004279,3168700
26/09/2024,69059.62733156246,70547.9813688806,69059.62733156246,70151.0869589291,1100,0.015804597701149392,4484109
25/09/2024,69754.19254897759,69853.41615146547,69059.62733156246,69059.62733156246,-700,-0.009957325746799417,4847436
24/09/2024,70448.75776639274,70448.75776639274,69555.74534400184,69754.19254897759,-200,-0.0028368794326241176,2199514
23/09/2024,70094.80580646348,70190.6947336953,69615.36117030436,69903.02795199983,200,0.0027510316368637433,2997201
20/09/2024,70478.36151539077,70957.8061515499,69711.25009753619,69711.25009753619,-600,-0.008185538881309684,6555403
19/09/2024,70286.58366092714,70478.36151539077,69998.91687923166,70286.58366092714,0,0,1572742
18/09/2024,70574.25044262261,70861.91722431808,69998.91687923166,70286.58366092714,-100,-0.0013623978201634523,2845344
17/09/2024,69040.02760691341,70382.47258815895,68752.36082521794,70382.47258815895,1500,0.020862308762169768,2526732
16/09/2024,69998.91687923166,69998.91687923166,68944.1386796816,68944.1386796816,-1000,-0.013717421124828544,4034700
13/09/2024,71724.9175694045,71724.9175694045,69903.02795199983,69903.02795199983,-1800,-0.02409638554216864,5347113
12/09/2024,71916.69542386814,72108.47327833179,71341.36186047719,71629.02864217266,100,0.0013404825737264314,2052124
11/09/2024,71724.9175694045,72012.58435109997,70861.91722431808,71533.13971494084,-300,-0.004005340453938633,3165231
10/09/2024,71724.9175694045,72396.14006002726,71245.47293324537,71820.80649663632,100,0.0013368983957218195,3332434
09/09/2024,72012.58435109997,72012.58435109997,71149.58400601355,71724.9175694045,-600,-0.007957559681697646,2638800
06/09/2024,71820.80649663632,72396.14006002726,71724.9175694045,72300.25113279544,700,0.009370816599732157,3641800
05/09/2024,71245.47293324537,72300.25113279544,71053.69507878172,71629.02864217266,400,0.0053835800807537915,5841142
04/09/2024,70286.58366092714,71437.25078770902,70094.80580646348,71245.47293324537,400,0.005412719891745521,2839125
30/08/2024,70574.25044262261,71724.9175694045,70382.47258815895,70861.91722431808,400,0.0054421768707482165,3675800
29/08/2024,70670.13936985443,70957.8061515499,70382.47258815895,70478.36151539077,-400,-0.005412719891745632,2042980
28/08/2024,70574.25044262261,70957.8061515499,70190.6947336953,70861.91722431808,400,0.0054421768707482165,3352840
27/08/2024,70382.47258815895,70766.02829708625,69615.36117030436,70478.36151539077,100,0.0013623978201635634,4265844
26/08/2024,71820.80649663632,71916.69542386814,70286.58366092714,70382.47258815895,-1500,-0.020026702269692942,6324827
23/08/2024,71820.80649663632,72492.02898725908,71341.36186047719,71820.80649663632,700,0.009433962264151052,3307633
22/08/2024,72875.58469618639,72875.58469618639,70574.25044262261,71149.58400601355,-1100,-0.014608233731739695,6025954
21/08/2024,72108.47327833179,72971.4736234182,72012.58435109997,72204.36220556361,-300,-0.003968253968253954,3991045
20/08/2024,72875.58469618639,73067.36255065004,72204.36220556361,72492.02898725908,-400,-0.0052631578947368585,4177349
19/08/2024,70957.8061515499,72875.58469618639,70766.02829708625,72875.58469618639,2200,0.02981029810298108,7917931
16/08/2024,70957.8061515499,71053.69507878172,70190.6947336953,70766.02829708625,0,0,7392917
15/08/2024,70957.8061515499,71533.13971494084,70670.13936985443,70766.02829708625,-200,-0.002702702702702675,4255830
14/08/2024,70957.8061515499,71053.69507878172,70286.58366092714,70957.8061515499,200,0.0027100271002709064,5456225
13/08/2024,69807.13902476801,71341.36186047719,69711.25009753619,70766.02829708625,800,0.010958904109588996,6834400
12/08/2024,70286.58366092714,71341.36186047719,69807.13902476801,69998.91687923166,-300,-0.004092769440654842,5804000
09/08/2024,69807.13902476801,70382.47258815895,69519.47224307254,70286.58366092714,600,0.008253094910591452,4527500
08/08/2024,70861.91722431808,71341.36186047719,69231.80546137707,69711.25009753619,-1100,-0.01490514905149054,7611000
07/08/2024,70190.6947336953,70766.02829708625,69423.58331584072,70766.02829708625,1100,0.015130674002751032,10740700
06/08/2024,67409.9158439724,70286.58366092714,67122.24906227693,69711.25009753619,3300,0.04755043227665712,13950400
05/08/2024,68081.13833459518,68272.91618905883,65683.91515379956,66546.91549888598,-2100,-0.029370629370629397,12245500
02/08/2024,67122.24906227693,68944.1386796816,67122.24906227693,68560.5829707543,1200,0.017069701280227667,10290200
01/08/2024,68848.24975244977,68944.1386796816,67218.13798950876,67409.9158439724,-1300,-0.018156424581005637,8955800
31/07/2024,65683.91515379956,69040.02760691341,65683.91515379956,68656.47189798612,3900,0.057607090103397374,21564900
30/07/2024,64533.24802701768,65588.02622656774,64149.69231809038,64916.80373594497,500,0.007440476190476275,6465600
29/07/2024,63478.46982746761,64820.914808713154,63190.80304577214,64437.359099785856,1400,0.02127659574468077,5781800
26/07/2024,62711.35840961302,63478.46982746761,62711.35840961302,63094.91411854031,200,0.0030487804878047697,3275400
25/07/2024,62903.13626407667,62999.025191308494,62615.469482381195,62903.13626407667,0,0,1957600
24/07/2024,63094.91411854031,63382.580900235786,62903.13626407667,62903.13626407667,-300,-0.004552352048558417,3913500
23/07/2024,62903.13626407667,63574.35875469944,62807.24733684484,63190.80304577214,500,0.007645259938837912,3777800
22/07/2024,62615.469482381195,63286.691973003966,62519.58055514937,62711.35840961302,100,0.0015313935681469104,2654800
19/07/2024,63190.80304577214,63190.80304577214,62423.69162791755,62615.469482381195,-600,-0.009104704097116834,3412700
18/07/2024,63286.691973003966,63286.691973003966,62807.24733684484,63190.80304577214,200,0.003044140030441511,2363000
17/07/2024,63478.46982746761,63766.136609163084,62903.13626407667,62999.025191308494,-400,-0.006051437216338829,3464800
16/07/2024,63670.247681931265,63957.91446362674,63382.580900235786,63382.580900235786,-100,-0.0015105740181269312,2243700
15/07/2024,63574.35875469944,64149.69231809038,63478.46982746761,63478.46982746761,-100,-0.0015082956259426794,2155300
12/07/2024,63670.247681931265,63862.02553639491,63382.580900235786,63574.35875469944,0,0,2189900
11/07/2024,64149.69231809038,64245.58124532221,63574.35875469944,63574.35875469944,-500,-0.007485029940119792,3787100
10/07/2024,64725.02588148133,65012.6926631768,64053.80339085856,64053.80339085856,-700,-0.010370370370370363,3991700
09/07/2024,64820.914808713154,65012.6926631768,64437.359099785856,64725.02588148133,-100,-0.0014792899408283544,5045200
08/07/2024,64533.24802701768,64916.80373594497,64245.58124532221,64820.914808713154,400,0.005952380952380931,4942400
05/07/2024,63670.247681931265,64725.02588148133,63670.247681931265,64437.359099785856,800,0.012048192771084265,4285100
04/07/2024,63574.35875469944,64149.69231809038,63574.35875469944,63670.247681931265,200,0.0030211480362538623,2688900
03/07/2024,63478.46982746761,63574.35875469944,63286.691973003966,63478.46982746761,0,0,1437600
02/07/2024,63286.691973003966,63574.35875469944,63094.91411854031,63478.46982746761,200,0.003030303030302939,2042800
01/07/2024,63094.91411854031,63286.691973003966,62615.469482381195,63286.691973003966,500,0.007633587786259444,1909300
28/06/2024,62807.24733684484,63286.691973003966,62615.469482381195,62807.24733684484,200,0.003062787136294043,2821700
27/06/2024,62519.58055514937,62903.13626407667,62423.69162791755,62615.469482381195,100,0.0015337423312884457,2755400
26/06/2024,63094.91411854031,63094.91411854031,62423.69162791755,62519.58055514937,-300,-0.004580152671755711,2599300
25/06/2024,63094.91411854031,63478.46982746761,62807.24733684484,62807.24733684484,0,0,3680600
24/06/2024,63382.580900235786,63862.02553639491,62615.469482381195,62807.24733684484,-500,-0.007575757575757569,3871900
21/06/2024,63766.136609163084,64341.47017255403,63286.691973003966,63286.691973003966,0,0,4023700
20/06/2024,62711.35840961302,64053.80339085856,62519.58055514937,63286.691973003966,700,0.010719754977029039,4397100
19/06/2024,63286.691973003966,63286.691973003966,62423.69162791755,62615.469482381195,-600,-0.009104704097116834,6211000
18/06/2024,63766.136609163084,63766.136609163084,63190.80304577214,63190.80304577214,-100,-0.0015151515151514694,2751700
17/06/2024,63574.35875469944,63862.02553639491,63286.691973003966,63286.691973003966,-200,-0.0030211480362537513,3617600
14/06/2024,64245.58124532221,64533.24802701768,63478.46982746761,63478.46982746761,-700,-0.010463378176382654,4124200
13/06/2024,64245.58124532221,64629.1369542495,64053.80339085856,64149.69231809038,-100,-0.0014925373134327957,4003600
12/06/2024,63766.136609163084,64533.24802701768,63574.35875469944,64245.58124532221,500,0.007518796992481258,3522696
11/06/2024,64629.1369542495,64725.02588148133,63670.247681931265,63766.136609163084,-700,-0.01041666666666663,6177100
10/06/2024,65588.02622656774,65683.91515379956,64437.359099785856,64437.359099785856,-600,-0.008849557522123908,4584100
07/06/2024,64820.914808713154,65779.8040810314,64725.02588148133,65012.6926631768,600,0.008928571428571397,4127600
06/06/2024,66163.35978995869,66163.35978995869,64437.359099785856,64437.359099785856,-1300,-0.01897810218978102,4907800
05/06/2024,63478.46982746761,66355.13764442234,63478.46982746761,65683.91515379956,2500,0.037878787878787845,11865800
04/06/2024,63382.580900235786,63862.02553639491,63286.691973003966,63286.691973003966,-100,-0.001512859304084735,3755800
03/06/2024,63094.91411854031,63862.02553639491,62999.025191308494,63382.580900235786,700,0.010703363914372988,3302200
31/05/2024,63190.80304577214,63190.80304577214,62615.469482381195,62711.35840961302,-300,-0.004566210045662156,4165400
30/05/2024,63382.580900235786,63478.46982746761,62807.24733684484,62999.025191308494,-600,-0.009049773755656076,4502600
29/05/2024,64245.58124532221,64533.24802701768,63286.691973003966,63574.35875469944,-500,-0.007485029940119792,3644200
28/05/2024,63574.35875469944,64533.24802701768,63382.580900235786,64053.80339085856,700,0.010590015128593144,5787500
27/05/2024,63382.580900235786,63862.02553639491,63094.91411854031,63382.580900235786,100,0.0015151515151514694,2426600
24/05/2024,63957.91446362674,64149.69231809038,62999.025191308494,63286.691973003966,-1000,-0.014925373134328401,4194100
23/05/2024,63286.691973003966,64245.58124532221,63094.91411854031,64245.58124532221,1200,0.01823708206686936,2991400
22/05/2024,63670.247681931265,63957.91446362674,63094.91411854031,63094.91411854031,-400,-0.0060422960725075026,3728300
21/05/2024,63670.247681931265,63862.02553639491,63094.91411854031,63478.46982746761,-200,-0.003012048192771122,3821200
20/05/2024,64341.47017255403,64820.914808713154,63670.247681931265,63670.247681931265,-600,-0.008955223880596996,4941500
17/05/2024,64533.24802701768,65012.6926631768,64053.80339085856,64245.58124532221,-200,-0.0029761904761904656,4349200
16/05/2024,64341.47017255403,64916.80373594497,64245.58124532221,64437.359099785856,200,0.0029850746268655914,3153300
15/05/2024,64149.69231809038,64533.24802701768,63957.91446362674,64245.58124532221,500,0.007518796992481258,3895400
14/05/2024,63190.80304577214,64245.58124532221,63190.80304577214,63766.136609163084,700,0.010638297872340496,2704800
13/05/2024,63862.02553639491,64053.80339085856,62711.35840961302,63094.91411854031,-700,-0.010526315789473717,2882500
10/05/2024,63957.91446362674,64725.02588148133,63382.580900235786,63766.136609163084,-100,-0.0015015015015015232,2438800
09/05/2024,65108.58159040863,65108.58159040863,63862.02553639491,63862.02553639491,-1300,-0.019145802650957333,2998000
08/05/2024,65204.470517640446,65204.470517640446,64341.47017255403,65108.58159040863,-100,-0.0014705882352941124,2984400
07/05/2024,63286.691973003966,65683.91515379956,63190.80304577214,65204.470517640446,2200,0.033434650455927084,8723900
06/05/2024,63094.91411854031,63670.247681931265,62807.24733684484,63094.91411854031,200,0.0030487804878047697,2261300
03/05/2024,62903.13626407667,63286.691973003966,62807.24733684484,62903.13626407667,200,0.003058103975535076,2204400
02/05/2024,62711.35840961302,62807.24733684484,62231.913773453896,62711.35840961302,400,0.006153846153846176,2563400
26/04/2024,62040.13591899025,63094.91411854031,61848.358064526605,62327.80270068572,300,0.004636785162287493,2940600
25/04/2024,61368.91342836748,62136.02484622208,61273.02450113566,62040.13591899025,700,0.010937500000000044,2006000
24/04/2024,61368.91342836748,61656.58021006295,60889.46879220836,61368.91342836748,500,0.007874015748031482,2478300
23/04/2024,61560.69128283113,61656.58021006295,60601.80201051289,60889.46879220836,-500,-0.0078125,2139400
22/04/2024,62040.13591899025,62615.469482381195,61368.91342836748,61368.91342836748,-200,-0.0031152647975077885,2035200
19/04/2024,61560.69128283113,61752.46913729478,60697.69093774471,61560.69128283113,0,0,4677100
17/04/2024,61752.46913729478,62231.913773453896,61560.69128283113,61560.69128283113,200,0.0031250000000000444,5144500
16/04/2024,62231.913773453896,62327.80270068572,60410.024156049236,61368.91342836748,-900,-0.013867488443759624,7128700
15/04/2024,63957.91446362674,63957.91446362674,62231.913773453896,62231.913773453896,-1800,-0.026986506746626726,5776100
12/04/2024,64053.80339085856,64341.47017255403,63862.02553639491,63957.91446362674,100,0.0015015015015014122,2509200
11/04/2024,63957.91446362674,64149.69231809038,63766.136609163084,63862.02553639491,-200,-0.0029940119760478723,2947700
10/04/2024,64341.47017255403,64533.24802701768,64053.80339085856,64053.80339085856,-200,-0.0029850746268657025,4464100
09/04/2024,64341.47017255403,64533.24802701768,64053.80339085856,64245.58124532221,0,0,2516000
08/04/2024,65204.470517640446,65204.470517640446,64149.69231809038,64245.58124532221,-900,-0.013254786450662692,3716000
05/04/2024,65396.2483721041,65396.2483721041,64916.80373594497,65108.58159040863,-300,-0.004398826979472137,4233800
04/04/2024,63957.91446362674,65588.02622656774,63957.91446362674,65396.2483721041,1500,0.022488755622188883,8598100
03/04/2024,64533.24802701768,64533.24802701768,63957.91446362674,63957.91446362674,-600,-0.008915304606240682,5046100
02/04/2024,64245.58124532221,64629.1369542495,63957.91446362674,64533.24802701768,300,0.004477611940298498,4322900
01/04/2024,64820.914808713154,64916.80373594497,64245.58124532221,64245.58124532221,-600,-0.00887573964497046,5013000
29/03/2024,65588.02622656774,65588.02622656774,64725.02588148133,64820.914808713154,-100,-0.001477104874446078,3694900
28/03/2024,64916.80373594497,65588.02622656774,64820.914808713154,64916.80373594497,0,0,4492200
27/03/2024,65204.470517640446,65204.470517640446,64725.02588148133,64916.80373594497,0,0,2812100
26/03/2024,64629.1369542495,65108.58159040863,64533.24802701768,64916.80373594497,400,0.005943536404160454,2524500
25/03/2024,65108.58159040863,65396.2483721041,64341.47017255403,64533.24802701768,-500,-0.007374631268436627,5588600
22/03/2024,65779.8040810314,65875.69300826322,65012.6926631768,65012.6926631768,-600,-0.00877192982456143,6162600
21/03/2024,65396.2483721041,65683.91515379956,65108.58159040863,65588.02622656774,400,0.00588235294117645,5061700
20/03/2024,65012.6926631768,65779.8040810314,64725.02588148133,65204.470517640446,200,0.002949852507374562,3657800
19/03/2024,65683.91515379956,65683.91515379956,65012.6926631768,65012.6926631768,-100,-0.0014727540500736325,3222100
18/03/2024,65971.58193549504,66259.24871719051,64820.914808713154,65108.58159040863,-900,-0.013081395348837233,6796400
15/03/2024,67218.13798950876,67218.13798950876,65875.69300826322,65971.58193549504,-800,-0.011494252873563204,4851100
14/03/2024,67212.0174185414,67496.01185833807,66549.36372568255,66738.69335221365,-300,-0.004237288135593209,5476400
13/03/2024,66360.03409915145,67117.35260527585,66265.3692858859,67022.68779201031,800,0.011428571428571344,5702600
12/03/2024,66644.0285389481,66833.3581654792,66265.3692858859,66265.3692858859,-300,-0.004267425320056861,3844000
11/03/2024,66738.69335221365,67496.01185833807,66265.3692858859,66549.36372568255,300,0.004285714285714226,4268400
08/03/2024,68253.33036446247,69010.64887058688,66265.3692858859,66265.3692858859,-2000,-0.02777777777777779,7361000
07/03/2024,67874.67111140027,68253.33036446247,67496.01185833807,68158.66555119693,200,0.0027855153203342198,5217600
06/03/2024,69389.30812364908,69578.63775018019,67969.33592466582,67969.33592466582,-1200,-0.016438356164383605,4862900
05/03/2024,68158.66555119693,69105.31368385244,67874.67111140027,69105.31368385244,1000,0.01388888888888884,5530900
04/03/2024,67969.33592466582,68821.31924405578,67780.00629813471,68158.66555119693,500,0.006993006993007089,5014600
01/03/2024,68253.33036446247,68253.33036446247,67401.34704507251,67685.34148486916,-500,-0.00694444444444442,4487700
29/02/2024,68726.65443079024,69389.30812364908,67780.00629813471,68158.66555119693,-200,-0.0027700831024930483,6568800
28/02/2024,68537.32480425913,68726.65443079024,67685.34148486916,68347.99517772802,200,0.002777777777777768,3509000
27/02/2024,67401.34704507251,68537.32480425913,67306.68223180696,68158.66555119693,1000,0.014084507042253502,5282500
26/02/2024,67212.0174185414,67874.67111140027,66928.02297874476,67212.0174185414,0,0,3138400
23/02/2024,67969.33592466582,68821.31924405578,67212.0174185414,67212.0174185414,-600,-0.008379888268156388,6142500
22/02/2024,67496.01185833807,68821.31924405578,67306.68223180696,67780.00629813471,300,0.004207573632538653,4698100
21/02/2024,67685.34148486916,68064.00073793138,67212.0174185414,67496.01185833807,-200,-0.002797202797202747,3590200
20/02/2024,67874.67111140027,68537.32480425913,67496.01185833807,67685.34148486916,-400,-0.0055632823365785455,4435700
19/02/2024,67117.35260527585,68726.65443079024,66928.02297874476,68064.00073793138,1900,0.027142857142857135,7144500
16/02/2024,64182.74339404377,66549.36372568255,63898.748954247116,66265.3692858859,2400,0.035502958579881616,11114600
15/02/2024,63993.41376751267,64372.07302057487,63614.75451445046,63993.41376751267,0,0,4115500
07/02/2024,63993.41376751267,64277.40820730932,63614.75451445046,63993.41376751267,0,0,2736300
06/02/2024,64466.73783384042,64561.40264710598,63993.41376751267,63993.41376751267,-400,-0.00588235294117645,2463800
05/02/2024,63804.08414098156,64561.40264710598,63614.75451445046,64372.07302057487,600,0.008902077151335286,3565900
02/02/2024,63898.748954247116,64088.078580778216,63425.42488791936,63804.08414098156,-100,-0.001481481481481528,2677300
01/02/2024,63614.75451445046,64182.74339404377,63614.75451445046,63898.748954247116,500,0.00746268656716409,2549300
31/01/2024,63614.75451445046,64561.40264710598,63330.76007465381,63425.42488791936,100,0.001494768310911887,4441100
30/01/2024,63709.419327716016,63709.419327716016,63330.76007465381,63330.76007465381,-100,-0.0014925373134327957,1840400
29/01/2024,63520.08970118491,63709.419327716016,63330.76007465381,63425.42488791936,0,0,2153800
26/01/2024,63425.42488791936,63898.748954247116,63425.42488791936,63425.42488791936,100,0.001494768310911887,1675800
25/01/2024,63804.08414098156,63898.748954247116,63330.76007465381,63330.76007465381,-400,-0.005943536404160454,2800500
24/01/2024,64182.74339404377,64372.07302057487,63614.75451445046,63709.419327716016,-400,-0.005908419497784312,2083500
23/01/2024,64656.06746037152,64656.06746037152,63993.41376751267,64088.078580778216,-600,-0.008784773060029227,2252000
22/01/2024,64372.07302057487,65034.72671343373,64372.07302057487,64656.06746037152,300,0.004411764705882337,1959800
19/01/2024,63804.08414098156,64940.06190016818,63804.08414098156,64372.07302057487,600,0.008902077151335286,2809900
18/01/2024,63709.419327716016,64182.74339404377,63709.419327716016,63804.08414098156,300,0.0044709388971684305,3008200
17/01/2024,63898.748954247116,64277.40820730932,63425.42488791936,63520.08970118491,-300,-0.004451038575667643,1916400
16/01/2024,63425.42488791936,63804.08414098156,63141.43044812271,63804.08414098156,400,0.005970149253731405,2072400
15/01/2024,63614.75451445046,63898.748954247116,63425.42488791936,63425.42488791936,-200,-0.0029761904761904656,2336501
12/01/2024,63993.41376751267,64277.40820730932,63425.42488791936,63614.75451445046,-700,-0.010309278350515427,3283000
11/01/2024,63898.748954247116,64845.39708690263,63898.748954247116,64277.40820730932,400,0.00592592592592589,2083900
10/01/2024,64466.73783384042,64466.73783384042,63804.08414098156,63898.748954247116,-600,-0.008810572687224627,3006600
09/01/2024,64561.40264710598,64845.39708690263,64372.07302057487,64466.73783384042,-100,-0.0014662756598240456,2579400
08/01/2024,65318.721153230385,65413.38596649594,64561.40264710598,64561.40264710598,-600,-0.008720930232558155,2396400
05/01/2024,65602.71559302704,65602.71559302704,64845.39708690263,65129.391526699284,-200,-0.0028985507246376274,1775700
04/01/2024,65413.38596649594,65792.04521955815,65318.721153230385,65318.721153230385,0,0,3401500
03/01/2024,64750.73227363708,65318.721153230385,64372.07302057487,65318.721153230385,700,0.01024890190336758,1979801
02/01/2024,64561.40264710598,64845.39708690263,64277.40820730932,64656.06746037152,700,0.010355029585798814,2142800
29/12/2023,65034.72671343373,65034.72671343373,63993.41376751267,63993.41376751267,-900,-0.013138686131386912,2257800
28/12/2023,63898.748954247116,64845.39708690263,63898.748954247116,64845.39708690263,1000,0.014814814814814836,2873700
27/12/2023,64372.07302057487,64561.40264710598,63898.748954247116,63898.748954247116,0,0,1736400
26/12/2023,64180.65520010543,64368.59269703107,63898.748954716975,63898.748954716975,100,0.0014727540500736325,1975400
25/12/2023,63522.8739608657,64556.53019395671,63522.8739608657,63804.78020625416,300,0.004437869822485174,3128279
22/12/2023,63710.81145779134,63992.7177031798,63428.90521240288,63522.8739608657,-200,-0.002949852507374673,2620700
21/12/2023,63804.78020625416,64180.65520010543,63710.81145779134,63710.81145779134,-300,-0.004405286343612369,2875900
20/12/2023,62959.06147008878,64086.686451642614,62959.06147008878,63992.7177031798,1100,0.016417910447761086,2623900
19/12/2023,63053.030218551605,63334.93646394006,62301.28023084905,62959.06147008878,0,0,3151900
18/12/2023,63992.7177031798,64086.686451642614,62959.06147008878,62959.06147008878,-1100,-0.016152716593245242,3613100
15/12/2023,64368.59269703107,64462.56144549389,63992.7177031798,63992.7177031798,-300,-0.004385964912280715,4122500
14/12/2023,64274.62394856825,64744.467690882346,64086.686451642614,64274.62394856825,200,0.0029325513196480912,1462000
13/12/2023,65402.248930122085,65496.2176785849,63992.7177031798,64086.686451642614,-1200,-0.01729106628242072,4601000
12/12/2023,65778.12392397335,65872.09267243618,64838.43643934517,65214.311433196446,-600,-0.008571428571428563,2788700
11/12/2023,66247.96766628746,66247.96766628746,65684.15517551053,65778.12392397335,1000,0.01449275362318847,4764500
08/12/2023,64274.62394856825,65120.34268473362,63898.748954716975,64838.43643934517,600,0.00877192982456143,3729400
07/12/2023,64650.49894241953,64650.49894241953,63428.90521240288,64274.62394856825,-100,-0.0014598540145985828,3921300
06/12/2023,63992.7177031798,64462.56144549389,63992.7177031798,64368.59269703107,400,0.005873715124816492,1606600
05/12/2023,64650.49894241953,64838.43643934517,63898.748954716975,63992.7177031798,-700,-0.01017441860465118,2302100
04/12/2023,64368.59269703107,65308.28018165926,64274.62394856825,64650.49894241953,400,0.005847953216374213,3006800
01/12/2023,63898.748954716975,64368.59269703107,63616.84270932852,64274.62394856825,1000,0.014836795252225476,1558800
30/11/2023,64274.62394856825,64556.53019395671,63334.93646394006,63334.93646394006,-1000,-0.014619883040935644,2630600
29/11/2023,64368.59269703107,64650.49894241953,64086.686451642614,64274.62394856825,-100,-0.0014598540145985828,1419153
28/11/2023,63992.7177031798,64368.59269703107,63428.90521240288,64368.59269703107,400,0.005873715124816492,1957253
27/11/2023,64180.65520010543,64274.62394856825,63804.78020625416,63992.7177031798,-200,-0.002928257686676372,1333300
24/11/2023,64462.56144549389,64744.467690882346,63522.8739608657,64180.65520010543,-400,-0.005822416302765698,3128900
23/11/2023,65590.18642704772,65684.15517551053,64556.53019395671,64556.53019395671,-700,-0.010086455331412059,1653100
22/11/2023,65308.28018165926,65966.061420899,64838.43643934517,65214.311433196446,-100,-0.0014388489208633226,1533200
21/11/2023,65214.311433196446,65590.18642704772,64744.467690882346,65308.28018165926,200,0.0028860028860029363,2989800
20/11/2023,65026.37393627081,65684.15517551053,64838.43643934517,65120.34268473362,-700,-0.010000000000000009,2001000
17/11/2023,66717.81140860156,66811.78015706436,65026.37393627081,65778.12392397335,-300,-0.004267425320056861,2335800
16/11/2023,66341.93641475028,66999.71765399001,65684.15517551053,66060.03016936181,-400,-0.005657708628005631,2368200
15/11/2023,65778.12392397335,67469.5613963041,65778.12392397335,66435.90516321309,1800,0.026124818577648812,3949400
14/11/2023,64838.43643934517,65214.311433196446,64086.686451642614,64744.467690882346,200,0.0029112081513829047,2996000
13/11/2023,65496.2176785849,65778.12392397335,64462.56144549389,64556.53019395671,-900,-0.012931034482758674,1730800
10/11/2023,66529.87391167591,66529.87391167591,65402.248930122085,65402.248930122085,-1100,-0.01555869872701554,2833100
09/11/2023,67281.62389937846,67751.46764169256,66435.90516321309,66435.90516321309,-700,-0.009803921568627416,3420100
08/11/2023,66529.87391167591,67187.65515091564,65590.18642704772,67093.68640245282,600,0.008474576271186418,2339600
07/11/2023,66247.96766628746,66529.87391167591,65590.18642704772,66529.87391167591,-200,-0.0028169014084507005,1474700
06/11/2023,65966.061420899,67187.65515091564,65872.09267243618,66717.81140860156,1000,0.014285714285714235,1136800
03/11/2023,66623.84266013873,66623.84266013873,65590.18642704772,65778.12392397335,-900,-0.012693935119887145,1692700
02/11/2023,66247.96766628746,66623.84266013873,65590.18642704772,66623.84266013873,500,0.007102272727272707,2390200
01/11/2023,64838.43643934517,66247.96766628746,63804.78020625416,66153.99891782463,2400,0.03529411764705892,2337200
31/10/2023,63804.78020625416,65308.28018165926,63522.8739608657,63898.748954716975,400,0.00591715976331364,2183600
30/10/2023,63804.78020625416,63898.748954716975,63053.030218551605,63522.8739608657,-400,-0.00588235294117645,1112000
27/10/2023,63240.96771547724,63898.748954716975,62583.18647623751,63898.748954716975,1000,0.014925373134328401,1811000
26/10/2023,64368.59269703107,64462.56144549389,61925.40523699777,62959.06147008878,-2000,-0.02898550724637683,5201700
25/10/2023,66060.03016936181,66529.87391167591,64838.43643934517,64838.43643934517,-1300,-0.01849217638691325,2477700
24/10/2023,65966.061420899,66529.87391167591,65872.09267243618,66060.03016936181,100,0.0014245014245013454,1099508
23/10/2023,67375.59264784129,67657.49889322974,65872.09267243618,65966.061420899,-2100,-0.02904564315352698,2804900
20/10/2023,66999.71765399001,68127.34263554383,65966.061420899,67939.4051386182,900,0.012605042016806678,2371808
19/10/2023,68973.0613717092,68973.0613717092,66623.84266013873,67093.68640245282,-2500,-0.03382949932341006,4007700
18/10/2023,70288.62385018867,70288.62385018867,68033.37388708102,69442.9051140233,-900,-0.012032085561497374,2572400
17/10/2023,70758.46759250277,71510.21758020532,70288.62385018867,70288.62385018867,-400,-0.005319148936170248,1595900
16/10/2023,70570.53009557714,71228.31133481687,70194.65510172586,70664.49884403995,-600,-0.0079155672823219,1374400
13/10/2023,70852.43634096559,71698.15507713096,70476.56134711432,71228.31133481687,300,0.003973509933774766,1560000
12/10/2023,70006.71760480021,71322.28008327968,70006.71760480021,70946.4050894284,1100,0.014784946236559238,2534800
11/10/2023,70100.68635326304,70288.62385018867,69536.87386248611,69912.74885633739,0,0,1898774
10/10/2023,69818.78010787458,70476.56134711432,69536.87386248611,69912.74885633739,700,0.009497964721845387,1123900
09/10/2023,69536.87386248611,69630.84261094894,69160.99886863485,69254.96761709766,-500,-0.006738544474393482,1621374
06/10/2023,68315.28013246947,69724.81135941176,68221.31138400665,69724.81135941176,1500,0.02063273727647874,1327000
05/10/2023,69630.84261094894,69912.74885633739,68315.28013246947,68315.28013246947,-1700,-0.022849462365591378,2645700
04/10/2023,69160.99886863485,70100.68635326304,68973.0613717092,69912.74885633739,400,0.00540540540540535,1177900
03/10/2023,70100.68635326304,70570.53009557714,69442.9051140233,69536.87386248611,-1600,-0.021164021164021163,2013700
02/10/2023,69724.81135941176,71040.37383789122,69724.81135941176,71040.37383789122,1400,0.018867924528301883,1304901
29/09/2023,70476.56134711432,71792.12382559378,69724.81135941176,69724.81135941176,-600,-0.008021390374331583,1403900
28/09/2023,71510.21758020532,71792.12382559378,70288.62385018867,70288.62385018867,-1800,-0.023498694516971286,2034300
27/09/2023,71698.15507713096,71980.06132251941,70288.62385018867,71980.06132251941,500,0.006570302233902758,2273300
26/09/2023,72919.74880714761,73295.62380099889,71416.2488317425,71510.21758020532,-1500,-0.019329896907216537,2634600
25/09/2023,72543.87381329633,73765.46754331297,72074.03007098223,72919.74880714761,100,0.001290322580645098,2795503
22/09/2023,72449.90506483351,73577.53004638734,71228.31133481687,72825.78005868479,-500,-0.0064102564102563875,4361903
21/09/2023,73389.5925494617,73577.53004638734,72637.84256175916,73295.62380099889,-300,-0.003831417624521105,2577902
20/09/2023,73671.49879485017,74047.37378870144,73295.62380099889,73577.53004638734,-600,-0.0076045627376425395,2403202
19/09/2023,73765.46754331297,74141.34253716425,72731.81131022196,74141.34253716425,0,0,2571703
18/09/2023,74329.2800340899,74987.06127332963,73953.40504023862,74141.34253716425,-600,-0.007547169811320753,1499600
15/09/2023,74611.18627947835,76302.6237518091,74235.31128562707,74705.15502794117,100,0.0012594458438286438,5614800
14/09/2023,73765.46754331297,75174.99877025526,73671.49879485017,74611.18627947835,300,0.0037926675094817064,2660100
13/09/2023,74799.12377640398,75456.90501564373,73953.40504023862,74329.2800340899,-1200,-0.01494396014943955,2507600
12/09/2023,74235.31128562707,75832.78000949499,73577.53004638734,75456.90501564373,800,0.010062893081761004,2708500
11/09/2023,75174.99877025526,76208.65500334627,72919.74880714761,74705.15502794117,-500,-0.006249999999999978,4234900
08/09/2023,74423.24878255272,75268.96751871808,74329.2800340899,75174.99877025526,500,0.0062893081761006275,2774901
07/09/2023,75081.03002179245,75174.99877025526,73859.4362917758,74705.15502794117,-500,-0.006249999999999978,3726700
06/09/2023,75268.96751871808,75268.96751871808,74705.15502794117,75174.99877025526,-100,-0.0012484394506866447,2280401
05/09/2023,73765.46754331297,75644.84251256936,73389.5925494617,75268.96751871808,2300,0.02956298200514129,6839901
31/08/2023,72825.78005868479,74141.34253716425,72449.90506483351,73107.68630407324,0,0,4386000
30/08/2023,72355.93631637069,73765.46754331297,71886.0925740566,73107.68630407324,400,0.0051679586563306845,2659700
29/08/2023,72825.78005868479,72919.74880714761,71604.18632866815,72731.81131022196,-500,-0.006418485237484006,4199901
28/08/2023,70476.56134711432,73389.5925494617,70476.56134711432,73201.65505253607,3000,0.040053404539385884,6039700
25/08/2023,70758.46759250277,70758.46759250277,69818.78010787458,70382.59259865149,200,0.0026773761713521083,3045401
24/08/2023,69067.03012017203,70382.59259865149,68597.18637785793,70194.65510172586,1200,0.01632653061224487,5206002
23/08/2023,68033.37388708102,69160.99886863485,67281.62389937846,69067.03012017203,800,0.011004126547455195,4172801
22/08/2023,68785.12387478357,68785.12387478357,66811.78015706436,68315.28013246947,-200,-0.002743484224965731,3075108
21/08/2023,68315.28013246947,69348.93636556048,68315.28013246947,68503.2176293951,-400,-0.00545702592087316,3617708
18/08/2023,69067.03012017203,70288.62385018867,67751.46764169256,68879.09262324638,-300,-0.0040760869565217295,7106201
17/08/2023,68691.15512632075,70006.71760480021,68503.2176293951,69160.99886863485,500,0.0068399452804377425,4650904
16/08/2023,68409.2488809323,69067.03012017203,68127.34263554383,68691.15512632075,300,0.004120879120879106,2083904
15/08/2023,68503.2176293951,68973.0613717092,68315.28013246947,68409.2488809323,-600,-0.008174386920980936,2259703
14/08/2023,68973.0613717092,69067.03012017203,68127.34263554383,68973.0613717092,-100,-0.0013605442176870541,3366511
11/08/2023,68691.15512632075,69067.03012017203,68033.37388708102,69067.03012017203,400,0.00547195622435015,2204332
10/08/2023,68691.15512632075,69536.87386248611,68503.2176293951,68691.15512632075,0,0,2813226
09/08/2023,70006.71760480021,70006.71760480021,68409.2488809323,68691.15512632075,-1400,-0.018791946308724827,3727162
08/08/2023,70194.65510172586,70382.59259865149,69442.9051140233,70006.71760480021,-400,-0.005340453938584733,3510526
07/08/2023,68503.2176293951,70382.59259865149,67939.4051386182,70382.59259865149,1900,0.026027397260274032,5087933
04/08/2023,68127.34263554383,68597.18637785793,67657.49889322974,68597.18637785793,400,0.005509641873278293,3165220
03/08/2023,69630.84261094894,69630.84261094894,68221.31138400665,68221.31138400665,-1100,-0.014925373134328401,2917624
02/08/2023,69117.03976752808,69571.75713441972,68480.43545387979,69207.98324090641,100,0.001315789473684159,5698936
01/08/2023,70935.90923509462,70935.90923509462,69117.03976752808,69117.03976752808,-2000,-0.02564102564102566,5730817
31/07/2023,70299.30492144632,71299.68312860793,70208.361448068,70935.90923509462,600,0.007751937984496138,3814939
28/07/2023,68935.15282077143,70663.07881495963,68753.26587401477,70390.24839482465,1700,0.022457067371202122,6143629
27/07/2023,68207.60503374483,68935.15282077143,68025.71808698817,68844.2093473931,700,0.009333333333333416,6208219
26/07/2023,67661.94419347486,68389.49198050148,67571.00072009653,68207.60503374483,500,0.006711409395973256,3189718
25/07/2023,66934.39640644826,67934.77461360984,66479.67903955662,67752.88766685319,900,0.012228260869565188,6645914
24/07/2023,66843.45293306993,67298.17029996155,66661.56598631328,66934.39640644826,100,0.0013605442176871652,2535331
21/07/2023,66024.96167266498,66843.45293306993,65934.01819928666,66843.45293306993,900,0.012396694214876103,3821822
20/07/2023,66024.96167266498,66206.84861942164,65752.13125253,66024.96167266498,0,0,2600707
19/07/2023,65934.01819928666,66388.7355661783,65843.07472590833,66024.96167266498,200,0.0027624309392264568,3025100
18/07/2023,65934.01819928666,66024.96167266498,65661.18777915167,65843.07472590833,100,0.0013831258644536604,5537000
17/07/2023,66388.7355661783,66934.39640644826,65661.18777915167,65752.13125253,-1000,-0.013642564802182844,5802800
14/07/2023,66570.62251293495,66752.5094596916,65570.24430577335,66661.56598631328,200,0.002735978112175186,7399700
13/07/2023,66752.5094596916,67116.2833532049,66297.79209279997,66479.67903955662,-400,-0.0054421768707483276,4376500
12/07/2023,66297.79209279997,66843.45293306993,66024.96167266498,66843.45293306993,700,0.009615384615384581,4195800
11/07/2023,65570.24430577335,66752.5094596916,65206.470412260045,66206.84861942164,700,0.009708737864077666,6235300
10/07/2023,64933.63999212507,66115.90514604331,64751.753045368416,65570.24430577335,1200,0.016925246826516194,6201102
07/07/2023,64297.03567847679,64751.753045368416,64024.205258341804,64478.922625233434,400,0.005673758865248235,5780500
06/07/2023,63569.487891450175,64297.03567847679,63478.54441807185,64115.14873172013,700,0.01002865329512903,7631000
05/07/2023,64387.97915185511,64387.97915185511,63296.65747131519,63478.54441807185,-800,-0.011331444759206777,6873600
04/07/2023,64115.14873172013,64751.753045368416,63751.37483820682,64206.09220509846,-100,-0.0014144271570014633,4923805
03/07/2023,64660.80957199009,64933.63999212507,63933.26178496348,64297.03567847679,-300,-0.004225352112676051,3186200
30/06/2023,65388.3573590167,65479.30083239503,64387.97915185511,64569.86609861176,-900,-0.012517385257301838,3645000
29/06/2023,64206.09220509846,65843.07472590833,63751.37483820682,65388.3573590167,1300,0.018413597733710985,7911400
28/06/2023,64115.14873172013,64478.922625233434,63387.60094469352,64206.09220509846,100,0.0014184397163119478,6204700
27/06/2023,64387.97915185511,64387.97915185511,63296.65747131519,64115.14873172013,-100,-0.0014164305949008194,6128900
26/06/2023,63023.82705118021,64297.03567847679,62114.39231739695,64206.09220509846,1500,0.02170767004341534,10737800
23/06/2023,60932.127163478704,63205.713997936866,60932.127163478704,62841.940104423564,2200,0.03288490284005974,11958000
22/06/2023,60477.409796587075,61204.95758361369,60295.52284983042,60841.18369010038,600,0.009049773755656076,5610600
21/06/2023,59658.91853618214,60295.52284983042,59567.97506280381,60295.52284983042,800,0.012213740458015376,4490900
20/06/2023,59931.74895631712,59931.74895631712,59567.97506280381,59567.97506280381,-300,-0.00455927051671734,2993000
19/06/2023,60295.52284983042,60568.3532699654,59658.91853618214,59840.80548293879,-300,-0.004538577912254205,3279400
16/06/2023,60477.409796587075,60568.3532699654,60022.69242969544,60113.635903073766,-200,-0.003016591251885359,6021785
15/06/2023,61204.95758361369,61295.901056992014,60204.57937645209,60295.52284983042,-800,-0.011922503725782407,5810400
14/06/2023,61568.73147712699,62023.448844018625,61023.07063685703,61023.07063685703,-500,-0.007396449704141994,5404900
13/06/2023,61932.5053706403,62114.39231739695,61386.84453037034,61477.78800374866,-300,-0.004418262150220897,4973400
12/06/2023,60022.69242969544,61841.56189726197,60022.69242969544,61750.61842388364,2100,0.03191489361702127,5471300
09/06/2023,59658.91853618214,60477.409796587075,59567.97506280381,59840.80548293879,300,0.004580152671755711,2080200
08/06/2023,60477.409796587075,60477.409796587075,59567.97506280381,59567.97506280381,-700,-0.010574018126888185,5180900
07/06/2023,60477.409796587075,60659.29674334373,60022.69242969544,60204.57937645209,-200,-0.003012048192771122,3719000
06/06/2023,60841.18369010038,60841.18369010038,60022.69242969544,60386.46632320875,-100,-0.0015037593984962294,3423000
05/06/2023,60477.409796587075,61114.01411023536,60204.57937645209,60477.409796587075,600,0.009104704097116834,3323000
02/06/2023,60204.57937645209,60295.52284983042,59567.97506280381,59931.74895631712,-200,-0.00302571860816947,3138500
01/06/2023,60113.635903073766,60477.409796587075,60022.69242969544,60113.635903073766,0,0,1214500
31/05/2023,60750.24021672205,60750.24021672205,60113.635903073766,60113.635903073766,-400,-0.006015037593984918,1536600
30/05/2023,61023.07063685703,61295.901056992014,60477.409796587075,60477.409796587075,-600,-0.008941877794336861,3248000
29/05/2023,61204.95758361369,61568.73147712699,61023.07063685703,61023.07063685703,0,0,2348900
26/05/2023,61295.901056992014,61841.56189726197,61023.07063685703,61023.07063685703,0,0,2118800
25/05/2023,60204.57937645209,61386.84453037034,60022.69242969544,61023.07063685703,800,0.012066365007541435,1970600
24/05/2023,61023.07063685703,61295.901056992014,60113.635903073766,60295.52284983042,-700,-0.010447761194029903,2350000
23/05/2023,61841.56189726197,62205.33579077527,60932.127163478704,60932.127163478704,-1200,-0.017595307917888547,2935700
22/05/2023,62478.166210910254,62750.99663104524,62023.448844018625,62023.448844018625,-400,-0.005830903790087438,1698000
19/05/2023,63114.77052455854,63205.713997936866,62387.22273753193,62387.22273753193,-600,-0.00867052023121384,1329500
18/05/2023,62750.99663104524,63660.431364828495,62296.2792641536,62932.883577801884,200,0.0028985507246377384,2622200
17/05/2023,63387.60094469352,63387.60094469352,62569.10968428858,62750.99663104524,-700,-0.010043041606886627,1993000
16/05/2023,62750.99663104524,63387.60094469352,62750.99663104524,63387.60094469352,700,0.010144927536231974,1947400
15/05/2023,63569.487891450175,63569.487891450175,62750.99663104524,62750.99663104524,-600,-0.008620689655172376,2105600
12/05/2023,64024.205258341804,64024.205258341804,63205.713997936866,63296.65747131519,-400,-0.005714285714285672,1214100
11/05/2023,64115.14873172013,64478.922625233434,63660.431364828495,63660.431364828495,-500,-0.007092198581560294,767500
10/05/2023,64387.97915185511,64660.80957199009,64115.14873172013,64115.14873172013,-200,-0.0028288543140028155,1451601
09/05/2023,64387.97915185511,64569.86609861176,64115.14873172013,64297.03567847679,300,0.0042613636363635354,2985200
08/05/2023,62750.99663104524,64024.205258341804,62750.99663104524,64024.205258341804,1600,0.023255813953488413,1897300
05/05/2023,62387.22273753193,62932.883577801884,62387.22273753193,62569.10968428858,200,0.00291545189504383,1786200
04/05/2023,63660.431364828495,63660.431364828495,62205.33579077527,62387.22273753193,-1400,-0.020000000000000018,3172800
28/04/2023,63478.54441807185,63842.31831158515,63387.60094469352,63660.431364828495,500,0.007194244604316502,2136300
27/04/2023,64569.86609861176,64569.86609861176,63205.713997936866,63205.713997936866,-1500,-0.021126760563380254,1369100
26/04/2023,63660.431364828495,64569.86609861176,63660.431364828495,64569.86609861176,1100,0.01573676680972813,5145618
25/04/2023,64115.14873172013,64933.63999212507,63478.54441807185,63569.487891450175,-600,-0.008510638297872353,1370200
24/04/2023,64569.86609861176,64660.80957199009,63842.31831158515,64115.14873172013,-400,-0.005641748942172065,1851900
21/04/2023,65479.30083239503,65479.30083239503,64387.97915185511,64478.922625233434,-1000,-0.013908205841446475,1643300
20/04/2023,65570.24430577335,66024.96167266498,65297.41388563837,65388.3573590167,-100,-0.001388888888888884,1322300
19/04/2023,66479.67903955662,66479.67903955662,65479.30083239503,65479.30083239503,-1000,-0.013698630136986356,816300
18/04/2023,65297.41388563837,66388.7355661783,65297.41388563837,66388.7355661783,1300,0.018131101813110284,1820300
17/04/2023,66206.84861942164,66297.79209279997,65206.470412260045,65206.470412260045,-1100,-0.015109890109890056,1365400
14/04/2023,66934.39640644826,67025.33987982657,66206.84861942164,66206.84861942164,-700,-0.00952380952380949,1294000
13/04/2023,67571.00072009653,67661.94419347486,66843.45293306993,66843.45293306993,-800,-0.010767160161507361,1748200
12/04/2023,67661.94419347486,67661.94419347486,67298.17029996155,67571.00072009653,-100,-0.0013440860215053752,979100
11/04/2023,67571.00072009653,67752.88766685319,67389.11377333988,67661.94419347486,0,0,782800
10/04/2023,67934.77461360984,67934.77461360984,67661.94419347486,67661.94419347486,-300,-0.004016064257028162,832700
07/04/2023,67661.94419347486,67934.77461360984,67571.00072009653,67934.77461360984,400,0.0053835800807537915,794400
06/04/2023,67661.94419347486,67843.83114023152,67571.00072009653,67571.00072009653,-200,-0.0026845637583892135,967300
05/04/2023,67480.0572467182,68025.71808698817,67389.11377333988,67752.88766685319,300,0.0040431266846361336,963400
04/04/2023,67661.94419347486,67752.88766685319,67480.0572467182,67480.0572467182,-200,-0.0026881720430107503,1819000
03/04/2023,67843.83114023152,68116.6615603665,67480.0572467182,67661.94419347486,0,0,850600
31/03/2023,68207.60503374483,68571.37892725812,67661.94419347486,67661.94419347486,-600,-0.008000000000000007,1076100
30/03/2023,67934.77461360984,68571.37892725812,67843.83114023152,68207.60503374483,100,0.001335113484646211,838700
29/03/2023,67934.77461360984,68116.6615603665,67661.94419347486,68116.6615603665,500,0.006720430107526987,907400
28/03/2023,67752.88766685319,68480.43545387979,67661.94419347486,67661.94419347486,-200,-0.002680965147453085,1650000
27/03/2023,68207.60503374483,68207.60503374483,67571.00072009653,67843.83114023152,-400,-0.005333333333333301,1461500
24/03/2023,68207.60503374483,68662.32240063645,68025.71808698817,68207.60503374483,-300,-0.003984063745019917,932300
23/03/2023,67571.00072009653,68480.43545387979,67298.17029996155,68480.43545387979,900,0.012096774193548487,1805000
22/03/2023,67843.83114023152,67934.77461360984,67661.94419347486,67661.94419347486,0,0,900200
21/03/2023,67661.94419347486,68298.54850712315,67480.0572467182,67661.94419347486,100,0.0013458950201883368,1350200
20/03/2023,68207.60503374483,68207.60503374483,67389.11377333988,67571.00072009653,-200,-0.0026845637583892135,1609600
17/03/2023,69480.8136610414,69480.8136610414,67752.88766685319,67752.88766685319,-1900,-0.02486910994764402,2512800
16/03/2023,70026.47450131134,70117.41797468967,69026.09629414976,69480.8136610414,-700,-0.009079118028534339,1895200
15/03/2023,69662.70060779805,70299.30492144632,69571.75713441972,70117.41797468967,500,0.006527415143603221,2040200
14/03/2023,69389.87018766307,69935.53102793302,68753.26587401477,69662.70060779805,-300,-0.0039011703511053764,1735100
13/03/2023,69844.5875545547,70117.41797468967,69662.70060779805,69935.53102793302,0,0,1824500
10/03/2023,69571.75713441972,70208.361448068,69207.98324090641,69935.53102793302,400,0.005228758169934622,1427700
09/03/2023,69298.92671428474,70117.41797468967,69298.92671428474,69571.75713441972,0,0,1489700
08/03/2023,68389.49198050148,69571.75713441972,68207.60503374483,69571.75713441972,700,0.00923482849604218,1244400
07/03/2023,69026.09629414976,69298.92671428474,68662.32240063645,68935.15282077143,800,0.010666666666666602,1170900
06/03/2023,69117.03976752808,69662.70060779805,68207.60503374483,68207.60503374483,-1000,-0.013157894736842146,891800
03/03/2023,68207.60503374483,69844.5875545547,68207.60503374483,69117.03976752808,-500,-0.006535947712418277,704200
02/03/2023,69935.53102793302,69935.53102793302,69207.98324090641,69571.75713441972,-400,-0.005201560468140465,1088800
01/03/2023,68298.54850712315,70026.47450131134,68207.60503374483,69935.53102793302,1400,0.018543046357615944,1635500
28/02/2023,68662.32240063645,69026.09629414976,68298.54850712315,68662.32240063645,300,0.003989361702127603,1034300
27/02/2023,67934.77461360984,69026.09629414976,67298.17029996155,68389.49198050148,500,0.006693440428380271,1112500
24/02/2023,68844.2093473931,69117.03976752808,67752.88766685319,67934.77461360984,-1000,-0.013210039630118908,1681000
23/02/2023,68662.32240063645,69935.53102793302,67661.94419347486,68844.2093473931,200,0.0026490066225166586,2327900
22/02/2023,69389.87018766307,69753.64408117638,68662.32240063645,68662.32240063645,-1700,-0.022020725388601003,1383600
21/02/2023,70481.19186820298,70572.1353415813,69753.64408117638,70208.361448068,-300,-0.003870967741935516,888300
20/02/2023,69117.03976752808,70481.19186820298,68662.32240063645,70481.19186820298,1500,0.019736842105263053,1385300
17/02/2023,69207.98324090641,69480.8136610414,68480.43545387979,69117.03976752808,-500,-0.006535947712418277,943900
16/02/2023,69117.03976752808,69571.75713441972,68753.26587401477,69571.75713441972,500,0.006578947368421018,691300
15/02/2023,67934.77461360984,69117.03976752808,67661.94419347486,69117.03976752808,1300,0.01740294511378848,1443500
14/02/2023,68480.43545387979,68844.2093473931,67661.94419347486,67934.77461360984,-600,-0.007968127490039834,1193500
13/02/2023,69026.09629414976,69026.09629414976,67389.11377333988,68480.43545387979,-600,-0.007905138339920903,1637632
10/02/2023,68207.60503374483,69026.09629414976,68207.60503374483,69026.09629414976,900,0.01200000000000001,1236100
09/02/2023,68935.15282077143,69117.03976752808,68207.60503374483,68207.60503374483,-800,-0.01055408970976257,1619600
08/02/2023,69298.92671428474,69662.70060779805,68844.2093473931,68935.15282077143,-300,-0.003942181340341633,1550000
07/02/2023,70572.1353415813,70572.1353415813,69207.98324090641,69207.98324090641,-1300,-0.01679586563307489,1274400
06/02/2023,69026.09629414976,70481.19186820298,69026.09629414976,70390.24839482465,1400,0.018421052631578894,1910700
03/02/2023,70026.47450131134,70117.41797468967,69026.09629414976,69117.03976752808,-700,-0.009126466753585416,1967400
02/02/2023,70390.24839482465,70481.19186820298,69753.64408117638,69753.64408117638,-500,-0.006476683937823857,1520400
01/02/2023,70663.07881495963,70754.02228833796,69935.53102793302,70208.361448068,100,0.0012970168612191912,1810400
31/01/2023,72027.23091563453,72300.06133576951,69935.53102793302,70117.41797468967,-2300,-0.028967254408060472,4947600
30/01/2023,72754.77870266115,72754.77870266115,72209.11786239118,72209.11786239118,-600,-0.007499999999999951,1614000
27/01/2023,74027.98732995772,74482.70469684934,72391.00480914784,72754.77870266115,-1300,-0.01599015990159902,2331800
19/01/2023,73482.32648968775,74118.93080333604,72754.77870266115,73937.04385657939,0,0,2792100
18/01/2023,73573.26996306608,74118.93080333604,73391.38301630942,73937.04385657939,400,0.0049443757725586845,1397900
17/01/2023,72936.66564941779,73664.2134364444,72209.11786239118,73573.26996306608,1500,0.018891687657430767,1791400
16/01/2023,73300.4395429311,73482.32648968775,72209.11786239118,72209.11786239118,-1200,-0.01488833746898266,854700
13/01/2023,72936.66564941779,73755.15690982273,72845.72217603946,73300.4395429311,600,0.007500000000000062,1689000
12/01/2023,72663.83522928282,72936.66564941779,72118.17438901286,72754.77870266115,600,0.007556675062972307,754900
11/01/2023,73664.2134364444,74209.87427671437,72209.11786239118,72209.11786239118,-1600,-0.01975308641975304,1574700
10/01/2023,73573.26996306608,74118.93080333604,73300.4395429311,73664.2134364444,300,0.0037174721189590088,1216000
09/01/2023,72663.83522928282,73391.38301630942,72391.00480914784,73391.38301630942,900,0.011278195488721776,948300
06/01/2023,73664.2134364444,73846.10038320106,72391.00480914784,72572.8917559045,-1400,-0.017241379310344862,1309700
05/01/2023,72118.17438901286,74027.98732995772,71845.34396887787,73846.10038320106,1900,0.023959646910466592,2469800
04/01/2023,71572.51354874289,72118.17438901286,71481.57007536457,72118.17438901286,800,0.010191082802547768,1153800
03/01/2023,69571.75713441972,71390.62660198624,69298.92671428474,71390.62660198624,2400,0.031537450722733285,1496000
30/12/2022,70935.90923509462,70935.90923509462,69207.98324090641,69207.98324090641,-900,-0.011688311688311637,1243300
29/12/2022,70390.24839482465,71117.79618185127,70026.47450131134,70026.47450131134,,,1329700
28/12/2022,69753.64408117638,70935.90923509462,69662.70060779805,70026.47450131134,,,1248500
27/12/2022,69844.5875545547,70935.90923509462,69117.03976752808,69662.70060779805,,,1586800
26/12/2022,69480.8136610414,70572.1353415813,69026.09629414976,69117.03976752808,,,1717600
23/12/2022,70117.41797468967,71117.79618185127,69298.92671428474,69298.92671428474,,,1561800
22/12/2022,72118.17438901286,72300.06133576951,70026.47450131134,70026.47450131134,,,1630400
21/12/2022,71208.7396562392,72012.8534039257,71030.04771230886,71208.7396562392,,,2305500
20/12/2022,69064.43632907515,71208.7396562392,68707.05244121449,70315.27993658751,,,3030300
19/12/2022,70136.58799265718,70136.58799265718,68796.39841317965,68796.39841317965,,,2422700
16/12/2022,69421.82021693583,70404.62590855268,69332.47424497065,69689.85813283133,,,3002000
15/12/2022,69243.1282730055,70762.00979641336,69064.43632907515,69332.47424497065,,,2595300
14/12/2022,70940.70174034369,70940.70174034369,69243.1282730055,69243.1282730055,,,3865200
13/12/2022,70225.93396462234,70940.70174034369,68975.09035710999,69689.85813283133,,,4051300
12/12/2022,71744.8154880302,73174.3510394729,70047.242020692,70136.58799265718,,,3942700
09/12/2022,72370.23729178638,73085.00506750774,71476.7775721347,71476.7775721347,,,2408500
08/12/2022,74157.15673108975,75050.61645074144,72370.23729178638,72370.23729178638,,,1677100
07/12/2022,74157.15673108975,75318.65436663694,73085.00506750774,73710.42687126392,,,1939600
06/12/2022,75944.07617039312,76033.4221423583,73710.42687126392,73710.42687126392,,,1395300
05/12/2022,75139.96242270661,76480.15200218413,75139.96242270661,75944.07617039312,,,2066000
02/12/2022,73531.73492733357,75050.61645074144,73263.69701143807,75050.61645074144,,,2600500
01/12/2022,72906.31312357739,74067.81075912458,72906.31312357739,73621.08089929874,,,2216800
30/11/2022,74157.15673108975,74157.15673108975,72816.96715161223,73978.46478715942,,,1995600
29/11/2022,72638.27520768189,74425.19464698526,71923.50743196055,74157.15673108975,,,2404200
28/11/2022,73263.69701143807,74514.54061895043,72995.65909554256,72995.65909554256,,,2299200
25/11/2022,72638.27520768189,73889.11881519425,72370.23729178638,73442.38895536841,,,2596100
24/11/2022,70583.31785248301,72548.92923571673,70493.97188051786,72548.92923571673,,,3261400
23/11/2022,71030.04771230886,71208.7396562392,69957.89604872683,70940.70174034369,,,773100
22/11/2022,69243.1282730055,71655.46951606504,69153.78230104032,71030.04771230886,,,2281200
21/11/2022,68796.39841317965,69600.51216086617,68707.05244121449,69600.51216086617,,,1787400
18/11/2022,68796.39841317965,69511.166188901,67634.90077763246,68796.39841317965,,,2229300
17/11/2022,68617.70646924931,69957.89604872683,67098.82494584145,67902.93869352796,,,2599500
16/11/2022,67456.20883370213,70404.62590855268,65937.32731029426,66562.74911405044,,,4122600
15/11/2022,70583.31785248301,70940.70174034369,68349.66855335381,68796.39841317965,,,2389600
14/11/2022,69689.85813283133,73263.69701143807,67992.28466549313,70583.31785248301,,,2766800
11/11/2022,70493.97188051786,71834.16145999538,70047.242020692,70047.242020692,,,1564400
10/11/2022,72280.89131982121,72370.23729178638,68796.39841317965,70047.242020692,,,2637600
09/11/2022,73263.69701143807,73442.38895536841,71476.7775721347,72280.89131982121,,,2701100
08/11/2022,73442.38895536841,73621.08089929874,71119.39368427402,73621.08089929874,,,2501400
07/11/2022,71566.12354409987,73442.38895536841,71476.7775721347,73442.38895536841,,,2638300
04/11/2022,71387.43160016954,72370.23729178638,69689.85813283133,71476.7775721347,,,3179200
03/11/2022,69689.85813283133,72102.19937589088,69689.85813283133,71476.7775721347,,,1278300
02/11/2022,71655.46951606504,71744.8154880302,69957.89604872683,69957.89604872683,,,1830500
01/11/2022,70136.58799265718,73710.42687126392,70136.58799265718,71655.46951606504,,,3180100
31/10/2022,69421.82021693583,70136.58799265718,69064.43632907515,70136.58799265718,,,1949200
28/10/2022,70136.58799265718,70225.93396462234,69421.82021693583,69689.85813283133,,,1614400
27/10/2022,67902.93869352796,70136.58799265718,67902.93869352796,70136.58799265718,,,2283600
26/10/2022,67902.93869352796,68260.32258138864,67545.5548056673,67902.93869352796,,,1467000
25/10/2022,66205.36522618977,68617.70646924931,66205.36522618977,67902.93869352796,,,1657600
24/10/2022,68975.09035710999,68975.09035710999,66116.0192542246,66116.0192542246,,,2342300
21/10/2022,69243.1282730055,70047.242020692,68349.66855335381,68796.39841317965,,,2097600
20/10/2022,68439.01452531898,69243.1282730055,67724.24674959763,69243.1282730055,,,2664900
19/10/2022,67992.28466549313,68617.70646924931,67992.28466549313,68439.01452531898,,,1467000
18/10/2022,67009.47897387628,68796.39841317965,66741.44105798077,68349.66855335381,,,3172000
17/10/2022,65937.32731029426,67098.82494584145,65847.98133832909,66205.36522618977,,,1812700
14/10/2022,66116.0192542246,66562.74911405044,65847.98133832909,66116.0192542246,,,1746000
13/10/2022,63435.64009526955,65937.32731029426,63256.94815133921,65937.32731029426,,,3171000
12/10/2022,62988.910235443705,64061.06189902573,62631.526347583036,63971.715927060555,,,1274000
11/10/2022,62988.910235443705,63882.36995509539,62184.796487757194,62720.8723195482,,,1718400
10/10/2022,61201.99079614034,63882.36995509539,60219.18510452349,62988.910235443705,,,1661900
07/10/2022,61916.75857186168,63703.67801116505,59415.07135683697,62363.488431687525,,,2685300
06/10/2022,63703.67801116505,63793.023983130224,62542.18037561786,62542.18037561786,,,1819500
05/10/2022,63435.64009526955,64329.09981492123,63435.64009526955,63971.715927060555,,,1493400
04/10/2022,64150.40787099089,64150.40787099089,62542.18037561786,63346.29412330438,,,1755300
03/10/2022,64239.75384295607,64775.829674747074,63435.64009526955,63435.64009526955,,,2339100
30/09/2022,64239.75384295607,65490.59745046842,64239.75384295607,64597.137730816736,,,2643400
29/09/2022,65133.21356260775,65669.28939439876,64507.79175885157,64954.52161867741,,,2375100
28/09/2022,64329.09981492123,65222.559534572916,63346.29412330438,64150.40787099089,,,2145700
27/09/2022,66562.74911405044,66920.13300191112,64597.137730816736,64686.48370278191,,,3111500
26/09/2022,67724.24674959763,68081.63063745831,65847.98133832909,66116.0192542246,,,3886000
23/09/2022,68796.39841317965,69064.43632907515,68349.66855335381,68528.36049728414,,,1398600
22/09/2022,68439.01452531898,68885.74438514482,67902.93869352796,68707.05244121449,,,1033500
21/09/2022,67634.90077763246,69332.47424497065,67545.5548056673,68707.05244121449,,,2477500
20/09/2022,67277.51688977178,68081.63063745831,67277.51688977178,67724.24674959763,,,1139700
19/09/2022,67545.5548056673,67634.90077763246,66920.13300191112,67188.17091780662,,,1418000
16/09/2022,66741.44105798077,67902.93869352796,66473.40314208527,67902.93869352796,,,2308600
15/09/2022,66205.36522618977,67188.17091780662,66205.36522618977,66562.74911405044,,,1207500
14/09/2022,66920.13300191112,67009.47897387628,65937.32731029426,66116.0192542246,,,2037900
13/09/2022,67188.17091780662,67902.93869352796,67188.17091780662,67634.90077763246,,,1556500
12/09/2022,67902.93869352796,68081.63063745831,67277.51688977178,67277.51688977178,,,1386100
09/09/2022,67813.5927215628,68349.66855335381,67456.20883370213,67813.5927215628,,,1188500
08/09/2022,67902.93869352796,68349.66855335381,67188.17091780662,67634.90077763246,,,1351100
07/09/2022,69511.166188901,69511.166188901,67634.90077763246,67634.90077763246,,,2916400
06/09/2022,69243.1282730055,70583.31785248301,69064.43632907515,69511.166188901,,,2669000
05/09/2022,67456.20883370213,69511.166188901,67456.20883370213,69243.1282730055,,,3169400
31/08/2022,67813.5927215628,68260.32258138864,67456.20883370213,67456.20883370213,,,1677100
30/08/2022,67456.20883370213,68260.32258138864,67456.20883370213,67902.93869352796,,,2275076
29/08/2022,67992.28466549313,68170.97660942347,67366.86286173695,67456.20883370213,,,3331964
26/08/2022,69511.166188901,69779.2041047965,68081.63063745831,68707.05244121449,,,2463000
25/08/2022,69600.51216086617,69957.89604872683,68796.39841317965,69600.51216086617,,,2182100
24/08/2022,67724.24674959763,69957.89604872683,67724.24674959763,69421.82021693583,,,6069100
23/08/2022,65847.98133832909,67813.5927215628,65758.63536636393,67724.24674959763,,,4551200
22/08/2022,66205.36522618977,66830.78702994595,65847.98133832909,65847.98133832909,,,2171700
19/08/2022,65579.94342243359,66562.74911405044,65133.21356260775,66205.36522618977,,,5351600
18/08/2022,64865.17564671224,65758.63536636393,64865.17564671224,65579.94342243359,,,4230600
17/08/2022,64150.40787099089,64865.17564671224,64061.06189902573,64865.17564671224,,,1484400
16/08/2022,64150.40787099089,64686.48370278191,64061.06189902573,64150.40787099089,,,3021756
15/08/2022,64329.09981492123,64329.09981492123,63703.67801116505,63882.36995509539,,,2525800
12/08/2022,63435.64009526955,64239.75384295607,63435.64009526955,64239.75384295607,,,2175100
11/08/2022,64865.17564671224,64865.17564671224,63167.602179374044,63524.98606723471,,,4084600
10/08/2022,64329.09981492123,64865.17564671224,64329.09981492123,64775.829674747074,,,2358800
09/08/2022,64507.79175885157,64686.48370278191,64329.09981492123,64329.09981492123,,,2408800
08/08/2022,64775.829674747074,64775.829674747074,64418.4457868864,64507.79175885157,,,2795800
05/08/2022,65490.59745046842,65579.94342243359,64865.17564671224,64865.17564671224,,,2135400
04/08/2022,65579.94342243359,65579.94342243359,65043.86759064258,65490.59745046842,,,1888600
03/08/2022,65043.86759064258,65669.28939439876,64775.829674747074,65579.94342243359,,,3134700
02/08/2022,65579.94342243359,66294.71119815494,64954.52161867741,65579.94342243359,,,3059100
01/08/2022,65043.86759064258,65669.28939439876,64507.79175885157,65669.28939439876,,,3078600
29/07/2022,64954.52161867741,65758.63536636393,64686.48370278191,65043.86759064258,,,2872000
28/07/2022,64775.829674747074,65043.86759064258,64597.137730816736,64865.17564671224,,,1532500
27/07/2022,64329.09981492123,64865.17564671224,64150.40787099089,64507.79175885157,,,1222700
26/07/2022,65133.21356260775,65222.559534572916,64150.40787099089,64329.09981492123,,,1676900
25/07/2022,64329.09981492123,65133.21356260775,64150.40787099089,65133.21356260775,,,1242600
22/07/2022,65401.251478503254,65401.251478503254,64329.09981492123,64329.09981492123,,,1154300
21/07/2022,64775.829674747074,65758.63536636393,64507.79175885157,65401.251478503254,,,1720500
20/07/2022,65401.251478503254,65758.63536636393,65043.86759064258,65222.559534572916,,,1167800
19/07/2022,64329.09981492123,65133.21356260775,63971.715927060555,65043.86759064258,,,2050600
18/07/2022,64329.09981492123,64507.79175885157,63882.36995509539,64061.06189902573,,,1106700
15/07/2022,64686.48370278191,65222.559534572916,63971.715927060555,63971.715927060555,,,1658900
14/07/2022,64597.137730816736,65401.251478503254,64507.79175885157,64686.48370278191,,,1168520
13/07/2022,65401.251478503254,65758.63536636393,64686.48370278191,64775.829674747074,,,1483500
12/07/2022,65222.559534572916,66026.67328225943,64865.17564671224,65490.59745046842,,,1186100
11/07/2022,64507.79175885157,66741.44105798077,64329.09981492123,65222.559534572916,,,2556900
08/07/2022,65222.559534572916,65490.59745046842,64775.829674747074,65222.559534572916,,,1853200
07/07/2022,63167.602179374044,65222.559534572916,62542.18037561786,65222.559534572916,,,3049600
06/07/2022,63435.64009526955,63882.36995509539,62095.45051579202,63167.602179374044,,,2360100
05/07/2022,65022.661672033355,65109.01314835744,63036.57771657948,63122.92919290356,,,2590800
04/07/2022,63900.0924798203,65454.419053653764,63727.389527172134,64849.95871938519,,,3259300
01/07/2022,62432.11738231091,63813.741003496216,62173.06295333867,63641.03805084805,,,2859000
30/06/2022,62432.11738231091,64590.904290412946,62345.76590598683,62345.76590598683,,,3807600
29/06/2022,60964.14228480153,62777.52328760724,60964.14228480153,62432.11738231091,,,2515400
28/06/2022,60964.14228480153,62777.52328760724,60532.38490318112,61136.84523744969,,,3037200
27/06/2022,62000.3600006905,62259.41442966275,60705.08785582928,61395.89966642193,,,1804300
24/06/2022,61309.54819009785,62950.2262402554,61223.196713773774,61741.30557171826,,,1777600
23/06/2022,60964.14228480153,62173.06295333867,60446.03342685704,61050.49376112561,,,1223100
22/06/2022,63122.92919290356,63381.98362187581,60964.14228480153,60964.14228480153,,,2214000
21/06/2022,59755.22161626438,63727.389527172134,59409.81571096806,63641.03805084805,,,5715800
20/06/2022,57337.3802791901,60186.97899788479,57337.3802791901,59582.518663616225,,,2588200
17/06/2022,57769.13766081051,59237.1127583199,56301.16256330113,57596.43470816235,,,2586800
16/06/2022,56214.811086977046,58978.05832934765,56128.459610652964,58719.00390037541,,,2260500
15/06/2022,57078.32585021786,57423.731755514185,55696.702229032555,55696.702229032555,,,4092500
14/06/2022,56560.216992273374,58287.246518755,56473.86551594929,57078.32585021786,,,1477200
13/06/2022,59064.409805671734,59064.409805671734,57164.67732654194,57337.3802791901,,,2379700
10/06/2022,60446.03342685704,60618.7363795052,60014.27604523663,60014.27604523663,,,1656600
09/06/2022,61309.54819009785,61395.89966642193,60618.7363795052,60618.7363795052,,,1271600
08/06/2022,61050.49376112561,61654.954095394176,61050.49376112561,61309.54819009785,,,1817600
07/06/2022,60705.08785582928,61050.49376112561,60446.03342685704,60964.14228480153,,,1322200
06/06/2022,60618.7363795052,61482.25114274601,60446.03342685704,61136.84523744969,,,1432000
03/06/2022,61309.54819009785,61568.602619070094,60446.03342685704,60705.08785582928,,,1251100
02/06/2022,62173.06295333867,62173.06295333867,61136.84523744969,61395.89966642193,,,1700700
01/06/2022,61741.30557171826,62691.17181128316,61568.602619070094,62086.711477014585,,,1643600
31/05/2022,62259.41442966275,62518.468858634995,61914.00852436642,61914.00852436642,,,2382400
30/05/2022,62950.2262402554,62950.2262402554,62173.06295333867,62604.82033495908,,,2224400
27/05/2022,61568.602619070094,63295.632145551725,61050.49376112561,63036.57771657948,,,3755500
26/05/2022,62086.711477014585,62086.711477014585,61050.49376112561,61568.602619070094,,,1590800
25/05/2022,59496.16718729214,62432.11738231091,59496.16718729214,62086.711477014585,,,2462100
24/05/2022,57596.43470816235,59496.16718729214,57423.731755514185,59496.16718729214,,,2033000
23/05/2022,59150.761281995816,59323.46423464398,57164.67732654194,57251.02880286602,,,2022200
20/05/2022,59582.518663616225,60359.681950532955,58719.00390037541,58805.35537669949,,,1396200
19/05/2022,60014.27604523663,60446.03342685704,59582.518663616225,59582.518663616225,,,1449400
18/05/2022,60446.03342685704,60877.790808477446,60014.27604523663,60705.08785582928,,,1983200
17/05/2022,56646.56846859745,60446.03342685704,56301.16256330113,60446.03342685704,,,2205100
16/05/2022,57510.08323183827,58373.59799507908,56732.91994492153,56819.27142124561,,,2688000
13/05/2022,57855.489137134595,58546.30094772724,56905.622897569694,57078.32585021786,,,5002100
12/05/2022,60273.33047420887,60273.33047420887,57423.731755514185,57423.731755514185,,,3641800
11/05/2022,60964.14228480153,61395.89966642193,60014.27604523663,60014.27604523663,,,2247300
10/05/2022,60446.03342685704,62086.711477014585,60446.03342685704,60964.14228480153,,,3106500
09/05/2022,60618.7363795052,61741.30557171826,60100.62752156071,60446.03342685704,,,2392100
06/05/2022,61654.954095394176,61827.65704804234,60014.27604523663,60618.7363795052,,,2109800
05/05/2022,63209.28066922764,63209.28066922764,61741.30557171826,62259.41442966275,,,1548200
04/05/2022,64072.79543246846,64245.498385116625,62604.82033495908,62604.82033495908,,,1763900
29/04/2022,64245.498385116625,64763.60724306111,63900.0924798203,64072.79543246846,,,2059100
28/04/2022,64677.25576673703,64677.25576673703,63727.389527172134,64159.14690879254,,,2751000
27/04/2022,64936.31019570927,65454.419053653764,63641.03805084805,64763.60724306111,,,2420900
26/04/2022,63468.33509819989,65627.12200630193,61223.196713773774,65540.77052997785,,,3910000
25/04/2022,65627.12200630193,65886.17643527417,63036.57771657948,63468.33509819989,,,3481800
22/04/2022,65368.06757732968,66058.87938792234,65195.36462468152,65540.77052997785,,,2800400
21/04/2022,65022.661672033355,66058.87938792234,64763.60724306111,64763.60724306111,,,4615600
20/04/2022,65627.12200630193,66231.5823405705,65281.7161010056,65281.7161010056,,,1931100
19/04/2022,66576.98824586683,67095.0971038113,65627.12200630193,65627.12200630193,,,1940200
18/04/2022,66058.87938792234,67267.80005645947,65972.52791159826,66490.63676954275,,,2590300
15/04/2022,66058.87938792234,67008.74562748722,65627.12200630193,66058.87938792234,,,1362400
14/04/2022,66922.39415116314,67354.15153278355,65886.17643527417,65886.17643527417,,,1810200
13/04/2022,66317.93381689458,67785.90891440396,66231.5823405705,66663.33972219091,,,2118800
12/04/2022,66749.69119851498,67181.44858013539,66058.87938792234,66317.93381689458,,,1776300
08/04/2022,67785.90891440396,68304.01777234845,66749.69119851498,66749.69119851498,,,2738300
07/04/2022,68994.8295829411,69081.18105926519,67785.90891440396,67785.90891440396,,,1760300
06/04/2022,69081.18105926519,70117.39877515416,68304.01777234845,68476.72072499662,,,4306700
05/04/2022,70635.50763309865,70635.50763309865,69426.58696456152,69426.58696456152,,,2202100
04/04/2022,70808.21058574681,71239.96796736722,70376.4532041264,70980.91353839498,,,3808700
01/04/2022,69944.695822506,71412.67092001539,69340.23548823743,70549.15615677457,,,6112000
31/03/2022,65799.82495895009,69944.695822506,65627.12200630193,69858.34434618191,,,9645800
30/03/2022,65195.36462468152,66145.23086424642,64849.95871938519,65799.82495895009,,,3506500
29/03/2022,63468.33509819989,65195.36462468152,63468.33509819989,65195.36462468152,,,2784940
28/03/2022,65022.661672033355,65281.7161010056,63381.98362187581,63381.98362187581,,,4038700
25/03/2022,65281.7161010056,65454.419053653764,64849.95871938519,64936.31019570927,,,3376500
24/03/2022,65627.12200630193,65713.47348262601,64936.31019570927,65281.7161010056,,,3409808
23/03/2022,66317.93381689458,66490.63676954275,65540.77052997785,65713.47348262601,,,3226000
22/03/2022,67267.80005645947,67267.80005645947,66317.93381689458,66404.28529321867,,,2500200
21/03/2022,65627.12200630193,67267.80005645947,65627.12200630193,67008.74562748722,,,2384100
18/03/2022,66145.23086424642,66490.63676954275,65627.12200630193,65627.12200630193,,,4759000
17/03/2022,67008.74562748722,67181.44858013539,65972.52791159826,65972.52791159826,,,1777400
16/03/2022,66663.33972219091,67354.15153278355,66490.63676954275,66749.69119851498,,,2450400
15/03/2022,66490.63676954275,66922.39415116314,65886.17643527417,66663.33972219091,,,2279100
14/03/2022,67354.15153278355,67354.15153278355,66404.28529321867,66663.33972219091,,,2182310
11/03/2022,66663.33972219091,67785.90891440396,66576.98824586683,67354.15153278355,,,2322900
10/03/2022,65627.12200630193,67267.80005645947,65627.12200630193,66576.98824586683,,,2971800
09/03/2022,65627.12200630193,66317.93381689458,64763.60724306111,64849.95871938519,,,3192780
08/03/2022,65886.17643527417,66058.87938792234,65627.12200630193,65713.47348262601,,,2383000
07/03/2022,67267.80005645947,67267.80005645947,66231.5823405705,66317.93381689458,,,4199800
04/03/2022,67699.55743807988,67699.55743807988,67181.44858013539,67267.80005645947,,,3120400
03/03/2022,67958.61186705212,68217.66629602437,67526.85448543172,67699.55743807988,,,1933200
02/03/2022,68390.36924867253,68390.36924867253,67354.15153278355,67785.90891440396,,,2392300
01/03/2022,67699.55743807988,68563.0722013207,67526.85448543172,68390.36924867253,,,1412500
28/02/2022,68131.31481970029,68217.66629602437,67181.44858013539,67699.55743807988,,,2280500
25/02/2022,68217.66629602437,68649.42367764478,68131.31481970029,68131.31481970029,,,1347700
24/02/2022,69081.18105926519,69081.18105926519,67785.90891440396,67872.26039072804,,,2723500
23/02/2022,69081.18105926519,69512.9384408856,68908.47810661703,69081.18105926519,,,2200300
22/02/2022,69858.34434618191,69944.695822506,68822.12663029294,69081.18105926519,,,3204500
21/02/2022,69858.34434618191,70462.80468045048,69858.34434618191,69944.695822506,,,1280600
18/02/2022,69167.53253558927,69771.99286985784,69167.53253558927,69599.28991720968,,,1808100
17/02/2022,69512.9384408856,70117.39877515416,69426.58696456152,69771.99286985784,,,2087700
16/02/2022,70117.39877515416,70203.75025147824,69340.23548823743,69426.58696456152,,,2825100
15/02/2022,70031.04729883008,70376.4532041264,69944.695822506,70117.39877515416,,,1465300
14/02/2022,70376.4532041264,70808.21058574681,69944.695822506,70031.04729883008,,,3031800
11/02/2022,71239.96796736722,71326.3194436913,70721.85910942273,70808.21058574681,,,2222698
10/02/2022,71499.02239633947,71930.77977795988,71067.26501471906,71412.67092001539,,,1612500
09/02/2022,70808.21058574681,72276.1856832562,70808.21058574681,71499.02239633947,,,1919300
08/02/2022,72017.13125428396,72103.48273060804,70808.21058574681,70808.21058574681,,,3640900
07/02/2022,71844.4283016358,72535.24011222845,71585.37387266355,72103.48273060804,,,1703100
28/01/2022,71671.72534898763,72707.94306487661,71499.02239633947,71758.07682531171,,,2971300
27/01/2022,69167.53253558927,72017.13125428396,69167.53253558927,71758.07682531171,,,2039000
26/01/2022,68476.72072499662,69512.9384408856,68476.72072499662,68822.12663029294,,,1452100
25/01/2022,69512.9384408856,69944.695822506,68304.01777234845,68390.36924867253,,,3922100
24/01/2022,71326.3194436913,71412.67092001539,69944.695822506,69944.695822506,,,2442120
21/01/2022,71671.72534898763,71930.77977795988,71239.96796736722,71326.3194436913,,,1796400
20/01/2022,71671.72534898763,71930.77977795988,71585.37387266355,71671.72534898763,,,1488400
19/01/2022,71585.37387266355,72103.48273060804,71412.67092001539,72017.13125428396,,,2064900
18/01/2022,71585.37387266355,72103.48273060804,71326.3194436913,72017.13125428396,,,2100400
17/01/2022,73398.75487546925,73398.75487546925,71585.37387266355,71585.37387266355,,,2100400
14/01/2022,71758.07682531171,73485.10635179334,71412.67092001539,73139.70044649701,,,2760800
13/01/2022,72017.13125428396,72276.1856832562,71585.37387266355,71758.07682531171,,,2109000
12/01/2022,72362.53715958029,72362.53715958029,71412.67092001539,71758.07682531171,,,2322300
11/01/2022,72189.83420693212,72535.24011222845,72103.48273060804,72276.1856832562,,,1972400
10/01/2022,73226.05192282109,73398.75487546925,72103.48273060804,72276.1856832562,,,2246400
07/01/2022,72447.4697159353,72702.26738199368,72192.6720498769,72362.53716058249,,,2593984
06/01/2022,73126.93015875766,73126.93015875766,72447.4697159353,72532.40227128808,,,2991600
05/01/2022,73721.45804622724,73891.32315693283,73041.99760340486,73211.86271411045,,,3272000
04/01/2022,74061.18826763843,74231.05337834402,73636.52549087444,73636.52549087444,,,1994600
31/12/2021,72617.33482664089,74315.98593369681,72447.4697159353,73381.72782481604,,,2468500
30/12/2021,72447.4697159353,72702.26738199368,72277.6046052297,72447.4697159353,,,1040500
29/12/2021,72617.33482664089,72702.26738199368,72277.6046052297,72362.53716058249,,,965400
28/12/2021,73211.86271411045,73211.86271411045,72362.53716058249,72617.33482664089,,,1937800
27/12/2021,73041.99760340486,73381.72782481604,72787.19993734648,73126.93015875766,,,1285700
24/12/2021,71937.87438381852,73041.99760340486,71937.87438381852,73041.99760340486,,,1428400
23/12/2021,72532.40227128808,72532.40227128808,71768.00927311293,71937.87438381852,,,2618900
22/12/2021,72787.19993734648,73211.86271411045,72447.4697159353,72532.40227128808,,,1991800
21/12/2021,72872.13249269927,73041.99760340486,72617.33482664089,72617.33482664089,,,1831900
20/12/2021,73041.99760340486,73296.79526946325,72702.26738199368,72787.19993734648,,,2194400
17/12/2021,73551.59293552164,73636.52549087444,72787.19993734648,72787.19993734648,,,2949600
16/12/2021,73296.79526946325,73551.59293552164,73041.99760340486,73551.59293552164,,,1610300
15/12/2021,73381.72782481604,73636.52549087444,73296.79526946325,73296.79526946325,,,1602500
14/12/2021,73381.72782481604,73806.39060158003,73211.86271411045,73296.79526946325,,,2175600
13/12/2021,73296.79526946325,73721.45804622724,73041.99760340486,73381.72782481604,,,1832316
10/12/2021,73466.66038016885,73891.32315693283,72872.13249269927,73296.79526946325,,,1730000
09/12/2021,72957.06504805207,73976.25571228562,72787.19993734648,73891.32315693283,,,2126800
08/12/2021,73296.79526946325,73466.66038016885,72787.19993734648,73041.99760340486,,,2106023
07/12/2021,72872.13249269927,73466.66038016885,72532.40227128808,73466.66038016885,,,1932000
06/12/2021,73041.99760340486,73551.59293552164,72447.4697159353,72447.4697159353,,,3168200
03/12/2021,74400.91848904961,74740.6487104608,72872.13249269927,72872.13249269927,,,3584600
02/12/2021,74315.98593369681,74740.6487104608,74231.05337834402,74231.05337834402,,,1820400
01/12/2021,74740.6487104608,75250.24404257757,74231.05337834402,74315.98593369681,,,2786600
30/11/2021,74400.91848904961,75420.10915328316,74400.91848904961,74400.91848904961,,,3443400
29/11/2021,74570.7835997552,74655.71615510799,74061.18826763843,74315.98593369681,,,2855900
26/11/2021,74400.91848904961,75420.10915328316,74315.98593369681,74995.44637651918,,,3015700
25/11/2021,74315.98593369681,74910.51382116639,74061.18826763843,74315.98593369681,,,2345400
24/11/2021,73466.66038016885,74315.98593369681,73466.66038016885,74315.98593369681,,,2124500
23/11/2021,73466.66038016885,73636.52549087444,73041.99760340486,73296.79526946325,,,2439371
22/11/2021,73041.99760340486,73466.66038016885,72957.06504805207,73211.86271411045,,,3495500
19/11/2021,74740.6487104608,75080.37893187198,73041.99760340486,73126.93015875766,,,5151200
18/11/2021,75420.10915328316,75420.10915328316,74740.6487104608,74740.6487104608,,,3900000
17/11/2021,75250.24404257757,76099.56959610553,75250.24404257757,75420.10915328316,,,3074400
16/11/2021,75589.97426398876,75844.77193004715,75165.31148722477,75250.24404257757,,,3251700
15/11/2021,76014.63704075274,76099.56959610553,75589.97426398876,75589.97426398876,,,3268000
12/11/2021,76439.29981751672,76524.23237286952,75674.90681934156,75844.77193004715,,,2119600
11/11/2021,76269.43470681112,76779.0300389279,75844.77193004715,76099.56959610553,,,3460600
10/11/2021,76439.29981751672,76524.23237286952,75844.77193004715,76184.50215145833,,,2666100
09/11/2021,77288.62537104468,77373.55792639748,76184.50215145833,76269.43470681112,,,3744600
08/11/2021,76184.50215145833,77373.55792639748,76099.56959610553,77118.76026033908,,,6365200
05/11/2021,75250.24404257757,75929.70448539994,75165.31148722477,75759.83937469435,,,3448400
04/11/2021,75080.37893187198,75335.17659793036,74825.58126581358,75080.37893187198,,,2513000
03/11/2021,75674.90681934156,76014.63704075274,74910.51382116639,74910.51382116639,,,6312000
02/11/2021,76439.29981751672,76439.29981751672,75589.97426398876,75759.83937469435,,,4888900
01/11/2021,77118.76026033908,77543.42303710307,76269.43470681112,76439.29981751672,,,5083800
29/10/2021,76948.89514963349,77288.62537104468,76694.09748357511,77033.8277049863,,,4603700
28/10/2021,76863.9625942807,77713.28814780866,76863.9625942807,76948.89514963349,,,4966000
27/10/2021,76439.29981751672,76948.89514963349,76184.50215145833,76779.0300389279,,,3726500
26/10/2021,76439.29981751672,76609.16492822231,75929.70448539994,76099.56959610553,,,1641200
25/10/2021,76863.9625942807,76948.89514963349,76354.36726216393,76524.23237286952,,,3874500
22/10/2021,76014.63704075274,76863.9625942807,75759.83937469435,76863.9625942807,,,4510000
21/10/2021,76439.29981751672,76524.23237286952,75674.90681934156,75674.90681934156,,,4036500
20/10/2021,76779.0300389279,76948.89514963349,75589.97426398876,76439.29981751672,,,5975224
19/10/2021,76269.43470681112,76863.9625942807,76269.43470681112,76694.09748357511,,,7011854
18/10/2021,76439.29981751672,76524.23237286952,75759.83937469435,76269.43470681112,,,3173092
15/10/2021,76439.29981751672,77033.8277049863,76099.56959610553,76439.29981751672,,,3828200
14/10/2021,76609.16492822231,76863.9625942807,76099.56959610553,76439.29981751672,,,2351000
13/10/2021,77288.62537104468,77543.42303710307,76439.29981751672,76524.23237286952,,,3859700
12/10/2021,76779.0300389279,77543.42303710307,76524.23237286952,76779.0300389279,,,3784200
11/10/2021,76439.29981751672,76779.0300389279,76014.63704075274,76439.29981751672,,,2629400
08/10/2021,75505.04170863595,76439.29981751672,75335.17659793036,76099.56959610553,,,2641000
07/10/2021,75844.77193004715,75929.70448539994,75420.10915328316,75420.10915328316,,,3126400
06/10/2021,76099.56959610553,76524.23237286952,75759.83937469435,75844.77193004715,,,2808500
05/10/2021,76694.09748357511,76694.09748357511,76099.56959610553,76099.56959610553,,,2268000
04/10/2021,76863.9625942807,77373.55792639748,76524.23237286952,76609.16492822231,,,3060200
01/10/2021,75844.77193004715,76779.0300389279,75674.90681934156,76269.43470681112,,,5855255
30/09/2021,76354.36726216393,77033.8277049863,76099.56959610553,76099.56959610553,,,4183200
29/09/2021,75844.77193004715,76524.23237286952,75335.17659793036,76099.56959610553,,,2763400
28/09/2021,75420.10915328316,76354.36726216393,74740.6487104608,75844.77193004715,,,3839280
27/09/2021,76948.89514963349,77628.35559245588,75420.10915328316,75420.10915328316,,,5053900
24/09/2021,77288.62537104468,77628.35559245588,76863.9625942807,77033.8277049863,,,2990000
23/09/2021,77713.28814780866,78477.68114598384,76779.0300389279,77118.76026033908,,,5097500
22/09/2021,75165.31148722477,77883.15325851426,75165.31148722477,77713.28814780866,,,10310100
21/09/2021,74740.6487104608,75505.04170863595,74485.8510444024,75420.10915328316,,,3096300
20/09/2021,74400.91848904961,75674.90681934156,74146.12082299122,75335.17659793036,,,5787700
17/09/2021,73381.72782481604,75080.37893187198,73296.79526946325,73466.66038016885,,,5292600
16/09/2021,73466.66038016885,73466.66038016885,72957.06504805207,73381.72782481604,,,3968400
15/09/2021,73721.45804622724,73721.45804622724,73126.93015875766,73126.93015875766,,,3424700
14/09/2021,74061.18826763843,74146.12082299122,73551.59293552164,73891.32315693283,,,3007900
13/09/2021,73466.66038016885,74231.05337834402,73296.79526946325,74061.18826763843,,,2956200
10/09/2021,72362.53716058249,73891.32315693283,72192.6720498769,73466.66038016885,,,6288900
09/09/2021,72532.40227128808,72617.33482664089,72192.6720498769,72362.53716058249,,,2452400
08/09/2021,73296.79526946325,73296.79526946325,72447.4697159353,72532.40227128808,,,4068200
07/09/2021,74570.7835997552,74570.7835997552,73296.79526946325,73296.79526946325,,,2808200
06/09/2021,73721.45804555934,74138.90684536431,73637.96828559834,73721.45804555934,,,3512200
01/09/2021,72970.05020591037,74138.90684536431,72803.07068598838,73554.47852563734,,,3530100
31/08/2021,73053.53996587137,73137.02972583236,72719.58092602738,72970.05020591037,,,3857200
30/08/2021,72719.58092602738,73137.02972583236,72636.09116606638,72970.05020591037,,,4680364
27/08/2021,72970.05020591037,73053.53996587137,72385.6218861834,72636.09116606638,,,4096900
26/08/2021,72552.60140610539,73220.51948579335,72385.6218861834,72636.09116606638,,,1976000
25/08/2021,72135.15260630041,72719.58092602738,71801.19356645642,72552.60140610539,,,1982500
24/08/2021,71884.68332641742,72636.09116606638,71550.72428657344,72051.66284633942,,,4125700
23/08/2021,73220.51948579335,73304.00924575435,71801.19356645642,71801.19356645642,,,4416500
20/08/2021,75391.25324477925,75391.25324477925,72636.09116606638,73304.00924575435,,,4326800
19/08/2021,75558.23276470124,75558.23276470124,74973.80444497427,75391.25324477925,,,3256300
18/08/2021,74723.33516509128,75892.19180454522,74639.84540513028,75140.78396489627,,,4710100
17/08/2021,74806.82492505228,75224.27372485725,74389.3761252473,74556.35564516929,,,2612200
16/08/2021,75057.29420493527,75641.72252466224,74305.88636528631,74723.33516509128,,,3380800
13/08/2021,75474.74300474024,75558.23276470124,74472.86588520829,75057.29420493527,,,4105500
12/08/2021,75808.70204458424,76393.1303643112,75391.25324477925,75558.23276470124,,,4581540
11/08/2021,75057.29420493527,76309.6406043502,74973.80444497427,75892.19180454522,,,5440400
10/08/2021,73470.98876567635,75140.78396489627,73470.98876567635,74639.84540513028,,,6223200
09/08/2021,72803.07068598838,73387.49900571535,72636.09116606638,73220.51948579335,,,3850700
06/08/2021,72552.60140610539,73804.94780552032,72302.13212622241,72803.07068598838,,,4260600
05/08/2021,72552.60140610539,72719.58092602738,72302.13212622241,72302.13212622241,,,3896800
04/08/2021,73053.53996587137,73053.53996587137,72636.09116606638,72719.58092602738,,,3086500
03/08/2021,72302.13212622241,73053.53996587137,72302.13212622241,72719.58092602738,,,3014600
02/08/2021,71968.17308637842,72552.60140610539,71801.19356645642,72218.64236626141,,,2794300
30/07/2021,72469.11164614439,72803.07068598838,71717.70380649544,71884.68332641742,,,4405200
29/07/2021,72636.09116606638,73220.51948579335,71801.19356645642,72469.11164614439,,,2648300
28/07/2021,72719.58092602738,72970.05020591037,72302.13212622241,72552.60140610539,,,1775500
27/07/2021,74222.39660532531,74723.33516509128,73053.53996587137,73053.53996587137,,,2388200
26/07/2021,73470.98876567635,74472.86588520829,73387.49900571535,74222.39660532531,,,2791500
23/07/2021,72469.11164614439,74973.80444497427,71884.68332641742,73137.02972583236,,,4558600
22/07/2021,71383.74476665145,72719.58092602738,71216.76524672945,72469.11164614439,,,2152400
21/07/2021,71300.25500669045,71717.70380649544,71133.27548676846,71216.76524672945,,,1996200
20/07/2021,70966.29596684648,71801.19356645642,70381.86764711949,71717.70380649544,,,3352000
19/07/2021,70465.35740708049,70966.29596684648,70131.39836723651,70966.29596684648,,,4111700
16/07/2021,71383.74476665145,71968.17308637842,71216.76524672945,71717.70380649544,,,1449600
15/07/2021,70966.29596684648,72051.66284633942,70548.84716704149,71133.27548676846,,,3394100
14/07/2021,70966.29596684648,71550.72428657344,70381.86764711949,70966.29596684648,,,4410200
13/07/2021,71884.68332641742,72218.64236626141,70298.37788715851,70381.86764711949,,,2883300
12/07/2021,73053.53996587137,73470.98876567635,70381.86764711949,72051.66284633942,,,4833100
09/07/2021,73721.45804555934,73804.94780552032,72552.60140610539,72636.09116606638,,,3224100
08/07/2021,73637.96828559834,74639.84540513028,73470.98876567635,73804.94780552032,,,1908900
07/07/2021,72636.09116606638,74973.80444497427,72302.13212622241,74973.80444497427,,,4738700
06/07/2021,74639.84540513028,74973.80444497427,72636.09116606638,72636.09116606638,,,4816900
05/07/2021,75224.27372485725,75474.74300474024,73971.92732544232,74472.86588520829,,,2988000
02/07/2021,75975.68156450622,75975.68156450622,75224.27372485725,75224.27372485725,,,2750900
01/07/2021,75641.72252466224,76226.15084438921,75474.74300474024,75892.19180454522,,,3841500
30/06/2021,75975.68156450622,76059.17132446721,75307.76348481825,75474.74300474024,,,2465780
29/06/2021,74973.80444497427,76560.10988423318,74305.88636528631,75975.68156450622,,,4368100
28/06/2021,75140.78396489627,75307.76348481825,74305.88636528631,74472.86588520829,,,1937900
25/06/2021,74055.41708540331,75057.29420493527,74055.41708540331,74890.31468501328,,,2136300
24/06/2021,75057.29420493527,75307.76348481825,73721.45804555934,74055.41708540331,,,4245024
23/06/2021,75641.72252466224,75808.70204458424,74890.31468501328,75140.78396489627,,,3480300
22/06/2021,75975.68156450622,76393.1303643112,75641.72252466224,75641.72252466224,,,2998300
21/06/2021,76810.57916411618,76894.06892407718,75641.72252466224,75641.72252466224,,,4313600
18/06/2021,76309.6406043502,77395.00748384315,76309.6406043502,76894.06892407718,,,5024894
17/06/2021,75975.68156450622,76977.55868403817,75808.70204458424,75975.68156450622,,,4261700
16/06/2021,77395.00748384315,77645.47676372614,76226.15084438921,76643.59964419418,,,3541200
15/06/2021,77311.51772388215,77812.45628364813,76894.06892407718,77561.98700376514,,,4711500
14/06/2021,77228.02796392115,78062.92556353111,76393.1303643112,77228.02796392115,,,5084100
11/06/2021,76977.55868403817,77228.02796392115,76142.66108442821,76810.57916411618,,,2992800
10/06/2021,74639.84540513028,78146.41532349211,73971.92732544232,76977.55868403817,,,6119300
09/06/2021,74973.80444497427,75224.27372485725,74138.90684536431,74389.3761252473,,,4200600
08/06/2021,74723.33516509128,76226.15084438921,74639.84540513028,74890.31468501328,,,5836400
07/06/2021,74723.33516509128,74806.82492505228,73470.98876567635,74639.84540513028,,,3736600
04/06/2021,74464.65683721587,75041.90223905476,73475.09329120636,73804.94780654286,,,4704600
03/06/2021,74217.2659507135,74876.9749813865,74052.33869304524,74382.19320838175,,,3629000
02/06/2021,73887.41143537698,73887.41143537698,73392.62966237223,73722.48417770874,,,3672400
01/06/2021,74629.58409488412,74794.51135255238,74134.80232187937,74134.80232187937,,,2339900
31/05/2021,75701.61126972776,75866.53852739601,74382.19320838175,74629.58409488412,,,3355991
28/05/2021,75041.90223905476,75619.14764089364,74547.12046605,75124.36586788888,,,3122200
27/05/2021,75371.75675439126,75536.68401205952,74217.2659507135,74629.58409488412,,,3492100
26/05/2021,74217.2659507135,75784.07489856188,73640.02054887461,75041.90223905476,,,3933300
25/05/2021,75206.829496723,75206.829496723,74217.2659507135,74629.58409488412,,,2993000
24/05/2021,74217.2659507135,75784.07489856188,73804.94780654286,75206.829496723,,,4349800
21/05/2021,72485.52974519685,74876.9749813865,71825.82071452384,73557.55692004049,,,5267800
20/05/2021,72485.52974519685,72650.45700286509,71743.35708568971,72567.99337403096,,,2844700
19/05/2021,72403.06611636272,73392.62966237223,71825.82071452384,72155.67522986034,,,4026307
18/05/2021,72155.67522986034,72567.99337403096,71578.42982802146,71743.35708568971,,,2970100
17/05/2021,73804.94780654286,74217.2659507135,71908.28434335797,71908.28434335797,,,5001300
14/05/2021,75124.36586788888,75206.829496723,73804.94780654286,73804.94780654286,,,4650800
13/05/2021,75041.90223905476,75619.14764089364,74629.58409488412,74629.58409488412,,,3118400
12/05/2021,74299.72957954762,76031.46578506427,74217.2659507135,75701.61126972776,,,3199300
11/05/2021,77103.4929599079,77928.12924824917,75206.829496723,75206.829496723,,,4282000
10/05/2021,71743.35708568971,76691.17481573728,71001.18442618258,76691.17481573728,,,8426900
07/05/2021,73392.62966237223,73557.55692004049,71578.42982802146,71743.35708568971,,,7343000
06/05/2021,75866.53852739601,75866.53852739601,73887.41143537698,73887.41143537698,,,7844900
05/05/2021,75536.68401205952,76691.17481573728,75536.68401205952,75866.53852739601,,,4562900
04/05/2021,76691.17481573728,76691.17481573728,75454.22038322539,75536.68401205952,,,4182856
29/04/2021,77268.42021757616,77680.73836174679,75454.22038322539,77103.4929599079,,,6799700
28/04/2021,78917.69279425868,79000.1564230928,77103.4929599079,77268.42021757616,,,6099900
27/04/2021,79165.08368076106,79577.40182493169,78340.4473924198,78917.69279425868,,,5620300
26/04/2021,79989.71996910233,81638.99254578484,79165.08368076106,79165.08368076106,,,6277314
23/04/2021,80814.35625744358,82381.16520529198,79824.79271143407,82051.31068995547,,,4018900
22/04/2021,81886.38343228723,82051.31068995547,79989.71996910233,80814.35625744358,,,3567300
20/04/2021,79989.71996910233,83288.26512246736,79907.2563402682,81886.38343228723,,,7007238
19/04/2021,79907.2563402682,80402.03811327295,78422.91102125392,79247.54730959519,,,6512860
16/04/2021,81309.13803044833,81391.60165928246,79494.93819609756,79907.2563402682,,,4986400
15/04/2021,82133.7743187896,82875.94697829674,81556.52891695072,81721.45617461897,,,4099500
14/04/2021,82463.62883412611,82463.62883412611,81556.52891695072,81886.38343228723,,,4017400
13/04/2021,83123.33786479912,83865.51052430624,82216.23794762373,82463.62883412611,,,4546300
12/04/2021,82463.62883412611,82711.01972062848,82051.31068995547,82463.62883412611,,,3882400
09/04/2021,82381.16520529198,82463.62883412611,81803.9198034531,82298.70157645785,,,2736700
08/04/2021,82793.48334946261,82875.94697829674,81968.84706112134,82381.16520529198,,,3806200
07/04/2021,83288.26512246736,83288.26512246736,82463.62883412611,82546.09246296022,,,3644300
06/04/2021,84607.68318381338,84690.14681264751,83123.33786479912,83700.583266638,,,3535900
05/04/2021,86174.49213166178,86174.49213166178,84277.82866847688,84607.68318381338,,,2822700
02/04/2021,84525.21955497925,85762.17398749114,84195.36503964275,84690.14681264751,,,3840000
01/04/2021,81226.67440161422,83288.26512246736,80814.35625744358,83288.26512246736,,,6239900
31/03/2021,81721.45617461897,81721.45617461897,80814.35625744358,81144.21077278009,,,2870400
30/03/2021,82133.7743187896,82546.09246296022,81309.13803044833,81803.9198034531,,,4425400
29/03/2021,80896.8198862777,82381.16520529198,80649.42899977534,81638.99254578484,,,2995300
26/03/2021,80814.35625744358,81226.67440161422,79659.86545376581,80319.57448443882,,,3920000
25/03/2021,81638.99254578484,82216.23794762373,81061.74714394596,81226.67440161422,,,3256800
24/03/2021,82133.7743187896,82463.62883412611,81226.67440161422,81391.60165928246,,,3285809
23/03/2021,82958.41060713086,83040.87423596499,82216.23794762373,82628.55609179435,,,4554300
22/03/2021,83865.51052430624,83947.97415314037,82958.41060713086,83123.33786479912,,,3516331
19/03/2021,84277.82866847688,84277.82866847688,83618.11963780387,83865.51052430624,,,3884100
18/03/2021,83288.26512246736,84525.21955497925,83288.26512246736,84525.21955497925,,,2608900
17/03/2021,83288.26512246736,83288.26512246736,82546.09246296022,82875.94697829674,,,3568400
16/03/2021,84277.82866847688,84360.29229731101,82546.09246296022,83288.26512246736,,,4314700
15/03/2021,84772.61044148164,84937.53769914989,84195.36503964275,84277.82866847688,,,2513500
