NGÀY,GIÁ MỞ CỬA,GIÁ CAO NHẤT,GIÁ THẤP NHẤT,GIÁ ĐÓNG CỬA,THAY ĐỔI GIÁ,% THAY ĐỔI,KHỐI LƯỢNG
14/03/2025,135600,136300,130800,131400,-5100,-0.03736263736263734,16094000
13/03/2025,136100,138000,136100,136500,600,0.004415011037527616,3610200
12/03/2025,137700,138700,135900,135900,-1600,-0.011636363636363667,6185000
11/03/2025,138000,138500,137000,137500,-1800,-0.012921751615218913,5784400
10/03/2025,141500,141500,139200,139300,-2100,-0.014851485148514865,5323000
07/03/2025,141700,142700,141100,141400,-200,-0.0014124293785310327,2954500
06/03/2025,139500,143500,139500,141600,2500,0.01797268152408349,6417100
05/03/2025,140000,140100,139100,139100,-900,-0.00642857142857145,2851100
04/03/2025,139500,140600,139300,140000,-500,-0.003558718861209953,3471300
03/03/2025,140500,141400,140300,140500,200,0.0014255167498218313,2533900
28/02/2025,140100,141100,139000,140300,-1000,-0.00707714083510258,4694400
27/02/2025,142000,142200,140700,141300,-500,-0.0035260930888575404,3421700
26/02/2025,139100,141800,138900,141800,2800,0.020143884892086295,3323400
25/02/2025,140400,140400,138200,139000,-1500,-0.010676156583629859,6810400
24/02/2025,142000,142000,139500,140500,-1500,-0.010563380281690127,7497900
21/02/2025,142800,142900,141500,142000,-1000,-0.006993006993006978,5312600
20/02/2025,144200,144600,143000,143000,-1000,-0.00694444444444442,3385400
19/02/2025,143900,144900,143100,144000,100,0.0006949270326614965,3029800
18/02/2025,143800,144400,143100,143900,300,0.002089136490250665,1664400
17/02/2025,145000,145000,143400,143600,-1300,-0.00897170462387853,2466300
14/02/2025,144000,145000,143600,144900,1800,0.012578616352201255,3251700
13/02/2025,145000,145000,142700,143100,-1900,-0.013103448275862073,2850800
12/02/2025,145600,145700,144300,145000,-400,-0.0027510316368638543,1887400
11/02/2025,142200,145400,140100,145400,3400,0.023943661971830954,5361400
10/02/2025,145500,145500,142000,142000,-4100,-0.02806297056810403,7749600
07/02/2025,146500,146700,145800,146100,-400,-0.0027303754266211344,3865900
06/02/2025,147000,147300,145600,146500,200,0.0013670539986330166,3426600
05/02/2025,146900,147500,145800,146300,100,0.0006839945280436854,5204100
04/02/2025,146000,147000,145300,146200,700,0.004810996563573866,5467700
03/02/2025,148000,149200,145300,145500,-7900,-0.05149934810951762,12747700
24/01/2025,154100,154500,153400,153400,-900,-0.005832793259883395,3655700
23/01/2025,150100,156000,150000,154300,4600,0.030728122912491607,7057800
22/01/2025,149600,150600,149200,149700,-200,-0.0013342228152101177,2785600
21/01/2025,150500,151400,149000,149900,-100,-0.0006666666666667043,2480300
20/01/2025,149000,150400,148200,150000,1000,0.006711409395973256,2217700
17/01/2025,146600,150100,146000,149000,2500,0.017064846416382284,3537000
16/01/2025,146200,147000,145200,146500,1000,0.0068728522336769515,3568000
15/01/2025,146000,146500,144800,145500,400,0.002756719503790528,2840900
14/01/2025,147600,148000,145100,145100,-2500,-0.01693766937669372,2897200
13/01/2025,146100,148500,144700,147600,300,0.0020366598778003286,3488800
10/01/2025,148800,149100,147200,147300,-1500,-0.01008064516129037,2524700
09/01/2025,148300,149200,148000,148800,500,0.003371544167228624,1714400
08/01/2025,150000,150000,148100,148300,-1800,-0.011992005329780175,3879900
07/01/2025,149500,151300,149500,150100,800,0.005358338914936311,3453300
06/01/2025,149100,150200,148400,149300,300,0.002013422818792021,3467100
03/01/2025,151300,151300,149000,149000,-3000,-0.019736842105263164,4336100
02/01/2025,152500,152700,150100,152000,-500,-0.003278688524590123,3172800
31/12/2024,150700,153900,150300,152500,2000,0.013289036544850585,3603200
30/12/2024,149400,150800,148500,150500,900,0.006016042780748743,1982400
27/12/2024,149500,149900,148700,149600,-200,-0.001335113484646211,2561700
26/12/2024,151000,151400,149100,149800,-1000,-0.006631299734747964,2233300
25/12/2024,150600,151200,150400,150800,400,0.0026595744680850686,2513100
24/12/2024,150000,150800,149400,150400,600,0.004005340453938633,2300900
23/12/2024,149500,149900,148700,149800,300,0.0020066889632106566,2514800
20/12/2024,148500,150600,148300,149500,1400,0.009453072248480687,3538900
19/12/2024,147300,149000,147200,148100,-600,-0.00403496973772699,4805200
18/12/2024,148000,149800,148000,148700,700,0.004729729729729737,2923400
17/12/2024,150100,150500,147700,148000,-1900,-0.012675116744496284,5947500
16/12/2024,149600,150600,149500,149900,400,0.0026755852842810235,3291100
13/12/2024,149500,150900,149400,149500,-700,-0.0046604527296937315,3379800
12/12/2024,151900,151900,149200,150200,-300,-0.001993355481727521,4147900
11/12/2024,150000,151700,149700,150500,1000,0.006688963210702337,4816600
10/12/2024,147100,149500,147000,149500,2500,0.017006802721088343,3597200
09/12/2024,149200,149500,146100,147000,-2500,-0.01672240802675584,4539000
06/12/2024,151900,151900,148000,149500,1000,0.006734006734006703,4541200
05/12/2024,144000,148500,143600,148500,5000,0.03484320557491283,4849200
04/12/2024,145000,146300,142800,143500,-1500,-0.010344827586206917,5609100
03/12/2024,141700,145900,141700,145000,2800,0.019690576652601877,5103700
02/12/2024,144300,146000,141600,142200,-1100,-0.007676203768318235,6616800
29/11/2024,138433.95702874777,144392.3769869435,138036.72903153472,143299.9999946076,4900,0.035150645624103305,13487700
28/11/2024,138433.95702874777,139029.79902456733,137341.58003641188,138433.95702874777,500,0.003599712023038215,7158700
27/11/2024,134263.06305801074,138731.87802665753,134263.06305801074,137937.42203223144,3700,0.0273668639053255,13316300
26/11/2024,132475.537070552,134958.21205313358,132376.23007124875,134263.06305801074,1300,0.009708737864077666,4501100
25/11/2024,133071.3790663716,133071.3790663716,132276.9230719455,132972.07206706834,0,0,6637700
22/11/2024,131979.0020740357,133468.60706358464,131581.77407682265,132972.07206706834,900,0.006766917293232977,5575900
21/11/2024,131482.4670775194,132078.30907333895,130092.16908727372,132078.30907333895,600,0.004531722054380571,4329001
20/11/2024,129099.0990942411,131482.4670775194,125821.96811723344,131482.4670775194,2400,0.01846153846153853,9620300
19/11/2024,132574.8440698553,132674.15106915854,128999.79209493783,129099.0990942411,-4000,-0.02985074626865669,9152800
18/11/2024,133071.3790663716,133667.22106219115,131581.77407682265,133071.3790663716,100,0.0007468259895444529,3993401
15/11/2024,134362.370057314,134759.59805452704,131681.0810761259,132972.07206706834,-2100,-0.01544117647058818,6563600
14/11/2024,136944.35203919883,138930.49202526407,135057.51905243684,135057.51905243684,-1800,-0.013062409288824406,4911301
13/11/2024,135752.66804755968,137142.96603780534,135156.8260517401,136845.04503989557,1000,0.007309941520467822,3625400
12/11/2024,137639.50103432167,137937.42203223144,134958.21205313358,135851.97504686294,-1500,-0.010845986984815648,2964700
11/11/2024,135554.05404895314,138533.26402805102,135057.51905243684,137341.58003641188,2500,0.018409425625920406,5292000
08/11/2024,135156.8260517401,135851.97504686294,134163.75605870748,134858.90505383033,700,0.005181347150259086,2106300
07/11/2024,134362.370057314,136646.43104128903,133269.9930649781,134163.75605870748,500,0.003714710252600284,4526500
06/11/2024,132177.61607264224,133667.22106219115,132078.30907333895,133667.22106219115,2000,0.015082956259426794,1801500
05/11/2024,132078.30907333895,133071.3790663716,131383.16007821614,131681.0810761259,-200,-0.001506024096385561,2741100
04/11/2024,133667.22106219115,133667.22106219115,131780.3880754292,131879.69507473244,-1800,-0.013372956909361022,3757900
01/11/2024,134064.4490594042,134064.4490594042,132674.15106915854,133667.22106219115,-1300,-0.009565857247976428,2667500
31/10/2024,134958.21205313358,135057.51905243684,134362.370057314,134958.21205313358,0,0,1341700
30/10/2024,134461.67705661725,134958.21205313358,134263.06305801074,134958.21205313358,500,0.0036927621861151394,2059800
29/10/2024,134461.67705661725,134560.98405592053,133865.8350607977,134461.67705661725,500,0.003706449221645647,2649200
28/10/2024,133170.68606567485,134064.4490594042,132674.15106915854,133965.14206010094,900,0.006716417910447747,1506001
25/10/2024,133369.3000642814,133667.22106219115,132674.15106915854,133071.3790663716,-300,-0.0022338049143708627,1839000
24/10/2024,133269.9930649781,133369.3000642814,132872.76506776505,133369.3000642814,100,0.0007451564828613311,2277201
23/10/2024,131979.0020740357,133865.8350607977,131681.0810761259,133269.9930649781,1100,0.008264462809917328,3015101
22/10/2024,134759.59805452704,134759.59805452704,132078.30907333895,132177.61607264224,-2400,-0.0177121771217712,6174500
21/10/2024,136050.58904546947,136745.7380405923,134560.98405592053,134560.98405592053,-1500,-0.010948905109489093,2861300
18/10/2024,136447.81704268252,136845.04503989557,135653.36104825643,136050.58904546947,0,0,2169401
17/10/2024,135554.05404895314,136149.89604477273,134560.98405592053,136050.58904546947,700,0.005135730007336692,3769200
16/10/2024,135454.7470496499,136149.89604477273,135057.51905243684,135355.44005034663,-700,-0.005109489051094873,2796001
15/10/2024,136646.43104128903,137639.50103432167,135653.36104825643,136050.58904546947,-600,-0.0043604651162790775,2910800
14/10/2024,140122.17601690322,140320.79001550973,136149.89604477273,136646.43104128903,-2000,-0.014326647564469885,5635300
11/10/2024,141015.93901063257,141810.39500505867,138632.57102735428,138632.57102735428,-2100,-0.014820042342978068,3863600
10/10/2024,134858.90505383033,141015.93901063257,134858.90505383033,140718.01801272278,6300,0.04652880354505173,10102200
09/10/2024,133369.3000642814,134858.90505383033,133369.3000642814,134461.67705661725,1600,0.01195814648729443,2819900
08/10/2024,133170.68606567485,134163.75605870748,132674.15106915854,132872.76506776505,-300,-0.0022371364653244186,2108601
07/10/2024,133269.9930649781,133965.14206010094,132674.15106915854,133170.68606567485,0,0,1330500
04/10/2024,133369.3000642814,133865.8350607977,132574.8440698553,133170.68606567485,100,0.0007462686567163423,1468400
03/10/2024,134461.67705661725,135156.8260517401,133071.3790663716,133071.3790663716,-1400,-0.010339734121122546,2300800
02/10/2024,133667.22106219115,134958.21205313358,133667.22106219115,134461.67705661725,-500,-0.00367917586460631,1719800
01/10/2024,133766.52806149443,135256.13305104338,133766.52806149443,134958.21205313358,1400,0.010408921933085402,6887000
30/09/2024,133269.9930649781,133567.9140628879,132078.30907333895,133567.9140628879,300,0.0022354694485842153,3278500
27/09/2024,133369.3000642814,133468.60706358464,132574.8440698553,133269.9930649781,-100,-0.0007446016381236209,3552800
26/09/2024,134064.4490594042,134064.4490594042,132972.07206706834,133369.3000642814,-500,-0.0037091988130564246,3080600
25/09/2024,133369.3000642814,133865.8350607977,132674.15106915854,133865.8350607977,300,0.0022304832713755385,4679900
24/09/2024,133071.3790663716,133766.52806149443,132773.4580684618,133567.9140628879,500,0.003731343283582156,2755516
23/09/2024,134958.21205313358,134958.21205313358,132475.537070552,133071.3790663716,-1300,-0.00960827790096086,3482200
20/09/2024,135355.44005034663,136050.58904546947,134064.4490594042,134362.370057314,100,0.0007396449704142327,3719700
19/09/2024,134064.4490594042,134858.90505383033,133369.3000642814,134263.06305801074,600,0.004457652303120341,5154300
18/09/2024,132475.537070552,134263.06305801074,131979.0020740357,133667.22106219115,1700,0.012791572610985735,5449600
17/09/2024,130290.78308588025,131979.0020740357,130290.78308588025,131979.0020740357,1800,0.013729977116704761,3621400
16/09/2024,130886.62508169982,132078.30907333895,130191.47608657698,130191.47608657698,-1900,-0.014285714285714235,1915700
13/09/2024,131283.85307891286,132475.537070552,131085.23908030635,132078.30907333895,700,0.005291005291005346,3935700
12/09/2024,130092.16908727372,131581.77407682265,130092.16908727372,131383.16007821614,1700,0.013016845329249627,4368000
11/09/2024,129099.0990942411,130390.0900851835,128900.48509563458,129694.94109006067,600,0.004615384615384688,3590400
10/09/2024,130092.16908727372,130092.16908727372,128701.87109702805,129099.0990942411,-1300,-0.00990099009900991,4195101
09/09/2024,129893.5550886672,130985.93208100308,129198.40609354436,130390.0900851835,-800,-0.006056018168054456,2885201
06/09/2024,129595.6340907574,131979.0020740357,129397.02009215088,131184.5460796096,1500,0.011485451761102494,4251400
05/09/2024,132078.30907333895,132078.30907333895,128801.1780963313,129694.94109006067,-2400,-0.018045112781954864,8014000
04/09/2024,132078.30907333895,132078.30907333895,130588.70408379003,132078.30907333895,-1800,-0.013353115727002929,4935200
30/08/2024,132574.8440698553,133965.14206010094,132078.30907333895,133865.8350607977,1100,0.008227374719521396,3379800
29/08/2024,131879.69507473244,132872.76506776505,131283.85307891286,132773.4580684618,400,0.0030007501875468634,2637701
28/08/2024,132078.30907333895,133567.9140628879,131979.0020740357,132376.23007124875,800,0.006037735849056647,2909701
27/08/2024,130588.70408379003,131681.0810761259,129496.32709145415,131581.77407682265,1000,0.0076045627376426506,2989900
26/08/2024,132376.23007124875,132574.8440698553,130588.70408379003,130588.70408379003,-1600,-0.012021036814425234,2758200
23/08/2024,132773.4580684618,132773.4580684618,131482.4670775194,132177.61607264224,-700,-0.0052316890881913825,3325001
22/08/2024,133071.3790663716,133567.9140628879,132574.8440698553,132872.76506776505,300,0.0022471910112360494,3560500
21/08/2024,129694.94109006067,132872.76506776505,129694.94109006067,132574.8440698553,2000,0.015209125475285079,6471900
20/08/2024,129794.24808936393,131581.77407682265,129794.24808936393,130588.70408379003,1000,0.00766283524904221,3984400
19/08/2024,130191.47608657698,130489.39708448677,129099.0990942411,129595.6340907574,-100,-0.0007656967840734552,2554862
16/08/2024,128205.33610051173,130092.16908727372,128205.33610051173,129694.94109006067,1900,0.01476301476301467,5486600
15/08/2024,128205.33610051173,128602.56409772478,127311.57310678237,127808.10810329868,-800,-0.00617760617760621,2305600
14/08/2024,129794.24808936393,130588.70408379003,128602.56409772478,128602.56409772478,-200,-0.0015420200462605838,3822200
13/08/2024,128801.1780963313,129297.71309284763,127112.95910817584,128801.1780963313,-300,-0.002307692307692344,4362901
12/08/2024,126020.58211583996,129297.71309284763,125325.43312071712,129099.0990942411,3100,0.024428684003152012,6775001
09/08/2024,121551.76714719315,126020.58211583996,121154.5391499801,126020.58211583996,5500,0.045304777594728174,6011400
08/08/2024,120757.31115276706,121551.76714719315,120062.16215764421,120558.69715416053,-600,-0.004918032786885296,3231431
07/08/2024,120161.46915694748,121154.5391499801,119367.01316252138,121154.5391499801,1200,0.009933774834437026,2822800
06/08/2024,119168.39916391486,121055.23215067683,118969.78516530833,119962.85515834096,2200,0.018549747048903775,7021850
05/08/2024,120260.77615625074,122048.30214370947,116586.41718203004,117778.10117366919,-4600,-0.037337662337662336,10415200
02/08/2024,121253.84614928336,123935.13513047145,120161.46915694748,122346.22314161925,-1600,-0.012820512820512775,10157200
01/08/2024,128701.87109702805,128801.1780963313,123239.98613534862,123935.13513047145,-3800,-0.029548989113530322,6870301
31/07/2024,126417.81011305301,127708.80110399541,125722.66111793017,127708.80110399541,600,0.004687499999999956,3094200
30/07/2024,128106.02910120848,128602.56409772478,126119.88911514322,127112.95910817584,-1000,-0.007751937984496138,2423800
29/07/2024,129099.0990942411,129694.94109006067,128106.02910120848,128106.02910120848,1000,0.0078125,5009800
26/07/2024,125027.51212280734,127112.95910817584,123537.9071332584,127112.95910817584,3000,0.02400000000000002,6683700
25/07/2024,123339.29313465187,124630.28412559429,123239.98613534862,124133.74912907797,-1000,-0.007936507936507908,3248401
24/07/2024,124630.28412559429,125722.66111793017,123140.67913604535,125126.8191221106,500,0.003984063745019917,4171700
23/07/2024,124034.44212977472,126616.42411165954,123935.13513047145,124630.28412559429,1400,0.011281224818694646,5411600
22/07/2024,125126.8191221106,125126.8191221106,122346.22314161925,123239.98613534862,-1900,-0.015079365079365026,6216900
19/07/2024,127708.80110399541,128403.95009911826,125126.8191221106,125126.8191221106,-1900,-0.014855355746677068,6576700
18/07/2024,130489.39708448677,130489.39708448677,126914.34510956932,127013.65210887259,-4000,-0.030326004548900665,10825201
17/07/2024,133071.3790663716,133170.68606567485,128999.79209493783,130985.93208100308,-2100,-0.015671641791044744,6970100
16/07/2024,132674.15106915854,133567.9140628879,131383.16007821614,133071.3790663716,1300,0.009796533534287777,4352200
15/07/2024,132574.8440698553,133865.8350607977,131383.16007821614,131780.3880754292,-1100,-0.008221225710014934,3067200
12/07/2024,131283.85307891286,135057.51905243684,131283.85307891286,132872.76506776505,800,0.006015037593984918,3590000
11/07/2024,133170.68606567485,134461.67705661725,131581.77407682265,132078.30907333895,-1000,-0.007462686567164201,6882100
10/07/2024,135057.51905243684,136050.58904546947,133071.3790663716,133071.3790663716,-3500,-0.025454545454545507,6337700
09/07/2024,138136.03603083797,138334.65002944448,135057.51905243684,136547.12404198578,-2100,-0.015042979942693435,9696100
08/07/2024,137540.1940350184,138632.57102735428,136547.12404198578,138632.57102735428,900,0.006488824801730297,6105700
05/07/2024,135156.8260517401,138731.87802665753,135156.8260517401,137738.80803362493,2900,0.02135493372606767,7809400
04/07/2024,131184.5460796096,134858.90505383033,131184.5460796096,134858.90505383033,4800,0.03664122137404591,8117900
03/07/2024,129595.6340907574,131879.69507473244,129198.40609354436,130092.16908727372,3000,0.0234375,7884101
02/07/2024,127708.80110399541,131184.5460796096,126616.42411165954,127112.95910817584,-600,-0.004665629860031051,7560001
01/07/2024,129496.32709145415,129496.32709145415,127609.49410469216,127708.80110399541,-1900,-0.014559386973180044,6454000
28/06/2024,131879.69507473244,131879.69507473244,129496.32709145415,129595.6340907574,-2300,-0.017319277108433728,6633000
27/06/2024,130390.0900851835,133170.68606567485,129893.5550886672,131879.69507473244,1000,0.007587253414264028,6527700
26/06/2024,130092.16908727372,130886.62508169982,128503.25709842153,130886.62508169982,1800,0.013846153846153841,7221400
25/06/2024,130092.16908727372,130191.47608657698,127708.80110399541,129099.0990942411,-2100,-0.015897047691143085,14050143
24/06/2024,134064.4490594042,134560.98405592053,131085.23908030635,131184.5460796096,-4000,-0.029390154298310045,14390900
21/06/2024,132972.07206706834,135156.8260517401,132376.23007124875,135156.8260517401,2800,0.021005251312828266,7653300
20/06/2024,132078.30907333895,134759.59805452704,130886.62508169982,132376.23007124875,1800,0.013688212927756682,11060700
19/06/2024,127112.95910817584,131879.69507473244,125722.66111793017,130588.70408379003,3500,0.02734375,10269200
18/06/2024,127907.41510260194,128801.1780963313,127112.95910817584,127112.95910817584,-800,-0.006211180124223614,6936800
17/06/2024,130092.16908727372,130489.39708448677,127609.49410469216,127907.41510260194,-2200,-0.016793893129770976,4867600
14/06/2024,129198.40609354436,131681.0810761259,128106.02910120848,130092.16908727372,1000,0.007692307692307665,6607200
13/06/2024,132773.4580684618,132872.76506776505,129099.0990942411,129099.0990942411,-2000,-0.015151515151515138,8676200
12/06/2024,127013.65210887259,131780.3880754292,126914.34510956932,131085.23908030635,5500,0.04347826086956519,11215500
11/06/2024,123758.12435027622,125644.94260093878,122728.95075900573,125644.94260093878,2500,0.01736111111111116,8418500
10/06/2024,123072.00862276257,124358.47561185068,122643.18629306654,123500.83095245861,2000,0.014084507042253502,3775400
07/06/2024,120927.89697428238,121785.54163367445,120499.07464458635,121785.54163367445,2400,0.017191977077363862,3976600
06/06/2024,120327.54571270793,121528.24823585684,119041.07872361982,119727.19445113349,-500,-0.0035688793718772205,5231800
05/06/2024,120070.25231489031,124272.71114591147,119812.95891707268,120156.01678082952,1000,0.007189072609633307,6341801
04/06/2024,119212.60765549824,119469.90105331586,118183.43406422775,119298.37212143744,2200,0.016070124178232392,7049800
03/06/2024,115782.02901792995,118011.90513234933,115524.73562011232,117411.55387077488,2300,0.017087667161961306,7773600
31/05/2024,115782.02901792995,117325.78940483567,114752.85542665946,115438.97115417311,-400,-0.002962962962962945,2696600
30/05/2024,114752.85542665946,115782.02901792995,113123.33057381451,115782.02901792995,-700,-0.005158437730287346,7301300
29/05/2024,117583.0828026533,118526.49192798458,115610.50008605153,116382.38027950439,-1300,-0.00948905109489051,6107600
28/05/2024,114924.38435853786,117497.31833671409,114152.504165085,117497.31833671409,4200,0.031626506024096335,5419500
27/05/2024,114066.7396991458,114495.56202884183,112008.39251660481,113895.21076726737,900,0.006823351023502733,6121100
24/05/2024,118354.96299610616,118354.96299610616,112008.39251660481,113123.33057381451,-5600,-0.04072727272727272,14134601
23/05/2024,117926.14066641012,118183.43406422775,115782.02901792995,117926.14066641012,-500,-0.0036231884057971175,3769000
22/05/2024,118269.19853016696,119812.95891707268,116725.43814326123,118354.96299610616,2000,0.014705882352941124,7132400
21/05/2024,114924.38435853786,116639.67367732202,114495.56202884183,116639.67367732202,3000,0.022556390977443552,4206300
20/05/2024,115953.55794980835,116725.43814326123,114066.7396991458,114066.7396991458,-1500,-0.01115241635687736,3143500
17/05/2024,116125.08688168677,116639.67367732202,114667.09096072025,115353.2066882339,-900,-0.006646971935007406,3049001
16/05/2024,116296.6158135652,117754.61173453172,115095.91329041628,116125.08688168677,1300,0.009694258016405666,4043900
15/05/2024,112780.27271005769,115353.2066882339,112608.74377817927,115010.14882447707,3600,0.02758620689655178,4717700
14/05/2024,111493.80572096957,112951.8016419361,111150.74785721274,111922.62805066562,800,0.006168080185042335,3151900
13/05/2024,112608.74377817927,112780.27271005769,110464.63212969908,111236.51232315195,-1300,-0.00992366412213741,4360200
10/05/2024,112608.74377817927,113380.62397163214,110807.68999345592,112351.45038036165,700,0.005372217958557135,4168700
09/05/2024,112008.39251660481,113895.21076726737,111493.80572096957,111751.0991187872,-700,-0.005343511450381699,3041600
08/05/2024,111579.57018690878,112351.45038036165,110893.45445939513,112351.45038036165,-300,-0.0022848438690022954,3824500
07/05/2024,109778.51640218543,112866.0371759969,109092.40067467176,112608.74377817927,3700,0.028996865203761768,3874168
06/05/2024,108492.04941309732,109435.4585384286,106776.76009431317,109435.4585384286,1700,0.01350277998411431,2744600
03/05/2024,109864.28086812464,110121.57426594225,107720.16921964445,107977.46261746208,-1400,-0.010997643362136711,4665500
02/05/2024,106176.40883273871,110636.1610615775,105919.1154349211,109178.16514061097,4100,0.03327922077922074,6888000
26/04/2024,105490.29310522506,107548.64028776603,104804.1773777114,105661.82203710347,0,0,6053000
25/04/2024,105061.47077552903,109778.51640218543,104546.88397989378,105661.82203710347,3100,0.025811823480432983,9215500
24/04/2024,97428.43330693957,103003.12359298805,97085.37544318274,103003.12359298805,7800,0.06945681211041843,10945700
23/04/2024,95112.79272658097,97171.13990912195,94255.1480671889,96313.49524972987,2000,0.01813236627379866,4233700
22/04/2024,94340.9125331281,95541.615056277,93397.50340779682,94598.20593094573,1300,0.01192660550458724,2505218
19/04/2024,94769.73486282415,95370.08612439859,93483.26787373603,93483.26787373603,-2800,-0.025044722719141377,7851100
17/04/2024,96999.61097724353,96999.61097724353,95713.14398815543,95884.67292003383,-1200,-0.010619469026548645,2998100
16/04/2024,96056.20185191225,97085.37544318274,95627.37952221622,96913.84651130432,1400,0.012544802867383575,4523200
15/04/2024,99057.95815978451,99143.72262572372,95627.37952221622,95713.14398815543,-3900,-0.03376623376623378,4289300
12/04/2024,99401.01602354134,99401.01602354134,98028.78456851402,99057.95815978451,600,0.005221932114882533,1862520
11/04/2024,97342.66884100036,98972.1936938453,97171.13990912195,98543.37136414926,1100,0.009666080843585334,1623300
10/04/2024,97342.66884100036,99143.72262572372,97171.13990912195,97599.96223881799,800,0.0070796460176991705,1982020
09/04/2024,96570.7886475475,97085.37544318274,96485.02418160829,96913.84651130432,400,0.003552397868561208,1432500
08/04/2024,97514.19777287878,97514.19777287878,96570.7886475475,96570.7886475475,-1100,-0.009674582233949014,1952000
05/04/2024,96999.61097724353,98371.84243227085,96570.7886475475,97514.19777287878,-300,-0.0026315789473684292,2840844
04/04/2024,98629.13583008847,99315.25155760213,97771.49117069639,97771.49117069639,-1100,-0.009556907037358786,2930000
03/04/2024,99572.54495541975,100344.42514887261,98714.90029602767,98714.90029602767,-1900,-0.016239316239316293,2875000
02/04/2024,98972.1936938453,100344.42514887261,98972.1936938453,100344.42514887261,200,0.001712328767123239,2745500
01/04/2024,99486.78048948054,100859.01194450786,98800.66476196688,100172.8962169942,300,0.0025751072961373023,3243600
29/03/2024,99829.83835323737,100515.95408075103,99486.78048948054,99915.60281917658,-600,-0.005123825789923098,2594300
28/03/2024,99401.01602354134,100687.48301262944,98886.42922790609,100430.18961481182,1900,0.01649305555555558,2854400
27/03/2024,98371.84243227085,98886.42922790609,97857.2556366356,98800.66476196688,200,0.0017391304347826875,1465900
26/03/2024,97771.49117069639,99057.95815978451,97428.43330693957,98629.13583008847,1000,0.00877192982456143,3110290
25/03/2024,97857.2556366356,98714.90029602767,97599.96223881799,97771.49117069639,-900,-0.007832898172323799,3002201
22/03/2024,99744.07388729816,99744.07388729816,98200.31350039244,98543.37136414926,-1300,-0.011187607573149738,2852977
21/03/2024,98800.66476196688,99658.30942135896,98286.07796633164,99658.30942135896,1700,0.014847161572052459,4238500
20/03/2024,96313.49524972987,98629.13583008847,95284.32165845938,98200.31350039244,2500,0.022321428571428603,3864600
19/03/2024,96913.84651130432,96913.84651130432,95284.32165845938,96056.20185191225,-1000,-0.008849557522123908,4064200
18/03/2024,99315.25155760213,99315.25155760213,95284.32165845938,96913.84651130432,-3000,-0.025862068965517238,7896500
15/03/2024,100172.8962169942,100172.8962169942,98200.31350039244,99486.78048948054,-1000,-0.008547008547008517,4690100
14/03/2024,101630.89213796073,101630.89213796073,99229.48709166292,100344.42514887261,0,0,6215401
13/03/2024,96742.3175794259,100344.42514887261,96056.20185191225,100344.42514887261,5100,0.04557640750670244,6331100
12/03/2024,94340.9125331281,97342.66884100036,94340.9125331281,95970.43738597304,1900,0.01727272727272733,3127800
11/03/2024,94340.9125331281,97342.66884100036,94340.9125331281,94340.9125331281,0,0,4083250
08/03/2024,95455.8505903378,96570.7886475475,93912.09020343206,94340.9125331281,-1300,-0.011680143755615435,3380400
07/03/2024,93569.03233967524,97685.7267047572,92797.15214622238,95455.8505903378,2200,0.02016498625114571,5249750
06/03/2024,94340.9125331281,94683.97039688494,92968.68107810078,93569.03233967524,-1600,-0.014453477868112019,4108901
05/03/2024,95541.615056277,95541.615056277,94255.1480671889,94941.26379470255,-700,-0.006283662477558294,4761118
04/03/2024,95198.55719252018,95884.67292003383,95027.02826064176,95541.615056277,600,0.005415162454873723,3161600
01/03/2024,93654.79680561445,95541.615056277,93569.03233967524,95027.02826064176,1800,0.016513761467889854,4961400
29/02/2024,92797.15214622238,93826.32573749285,92368.32981652633,93483.26787373603,500,0.004608294930875667,2974101
28/02/2024,92625.62321434396,93054.44554403999,91167.62729337743,93054.44554403999,600,0.005560704355885182,5053900
27/02/2024,93054.44554403999,93912.09020343206,92111.03641870871,92539.85874840475,-100,-0.0009259259259258856,4497200
26/02/2024,89109.28011083645,92625.62321434396,88766.22224707963,92625.62321434396,4100,0.039461020211742026,4973700
23/02/2024,90481.51156586377,91510.68515713426,88594.6933152012,89109.28011083645,-700,-0.006692160611854736,5158040
22/02/2024,90824.5694296206,90910.3338955598,89709.6313724109,89709.6313724109,-1300,-0.01227573182247399,2268064
21/02/2024,89195.04457677566,91682.21408901268,88766.22224707963,90824.5694296206,1600,0.015340364333652934,3905800
20/02/2024,90224.21816804615,90224.21816804615,89195.04457677566,89452.33797459328,-700,-0.00666666666666671,3884300
19/02/2024,90481.51156586377,91767.97855495189,90052.68923616773,90052.68923616773,-100,-0.0009514747859181716,2968100
16/02/2024,89195.04457677566,90138.45370210694,89023.51564489724,90138.45370210694,1100,0.01057692307692304,2358100
15/02/2024,90224.21816804615,90481.51156586377,89023.51564489724,89195.04457677566,-900,-0.008579599618684486,3495620
07/02/2024,89795.39583835012,90052.68923616773,89109.28011083645,89966.92477022852,800,0.007684918347742542,2425900
06/02/2024,88851.98671301884,90052.68923616773,88251.63545144438,89280.80904271487,600,0.005797101449275255,3613900
05/02/2024,87479.7552579915,89280.80904271487,87393.99079205231,88766.22224707963,1500,0.014705882352941124,3219900
02/02/2024,85935.99487108579,87651.28418986993,85850.23040514658,87479.7552579915,2100,0.021021021021021102,3848500
01/02/2024,82248.12283569986,85678.70147326816,82076.59390382144,85678.70147326816,4200,0.043887147335423204,8223100
31/01/2024,81990.82943788225,82333.88730163907,81905.06497194304,82076.59390382144,100,0.0010460251046024993,2334396
30/01/2024,82248.12283569986,82248.12283569986,81819.30050600383,81990.82943788225,-300,-0.0031282586027111536,1276438
29/01/2024,82248.12283569986,82419.65176757828,81733.53604006462,82248.12283569986,0,0,2876500
26/01/2024,81905.06497194304,82505.41623351749,81733.53604006462,82248.12283569986,800,0.008412197686645584,1470430
25/01/2024,81562.0071081862,82076.59390382144,81304.71371036858,81562.0071081862,100,0.001052631578947416,1502000
24/01/2024,82162.35836976065,82162.35836976065,81390.47817630779,81476.242642247,-600,-0.006276150627615107,2664800
23/01/2024,82419.65176757828,82676.9451653959,81819.30050600383,81990.82943788225,-800,-0.008298755186721962,4161710
22/01/2024,83020.00302915274,83020.00302915274,82162.35836976065,82676.9451653959,100,0.0010384215991692258,1221800
19/01/2024,82333.88730163907,83105.76749509193,82076.59390382144,82591.18069945669,700,0.007322175732217495,2139400
18/01/2024,82076.59390382144,82333.88730163907,81647.7715741254,81990.82943788225,-100,-0.0010449320794148065,1628300
17/01/2024,81990.82943788225,82333.88730163907,81476.242642247,82076.59390382144,0,0,2068500
16/01/2024,81218.94924442937,82076.59390382144,81218.94924442937,82076.59390382144,300,0.003144654088050425,1191900
15/01/2024,81476.242642247,82248.12283569986,81390.47817630779,81819.30050600383,700,0.007391763463569179,2107979
12/01/2024,81304.71371036858,81990.82943788225,80704.36244879413,81218.94924442937,-300,-0.0031578947368421373,2737500
11/01/2024,81218.94924442937,81819.30050600383,81218.94924442937,81476.242642247,300,0.0031678986272438703,1572400
10/01/2024,82934.23856321353,83105.76749509193,81047.42031255097,81218.94924442937,-1900,-0.019668737060041352,3810000
09/01/2024,83448.82535884877,83448.82535884877,82848.47409727432,82848.47409727432,-700,-0.007194244604316502,1815000
08/01/2024,83534.58982478797,84306.47001824084,83277.29642697035,83448.82535884877,-100,-0.0010266940451745254,1553400
05/01/2024,83448.82535884877,83620.35429072718,82762.7096313351,83534.58982478797,200,0.002057613168724215,1501300
04/01/2024,82591.18069945669,84392.23448418005,82505.41623351749,83363.06089290956,900,0.009345794392523255,3000600
03/01/2024,81990.82943788225,82762.7096313351,81819.30050600383,82591.18069945669,400,0.004171011470281538,1558900
02/01/2024,83105.76749509193,83105.76749509193,82076.59390382144,82248.12283569986,-200,-0.002081165452653466,2217777
29/12/2023,82848.47409727432,83191.53196103114,82419.65176757828,82419.65176757828,-500,-0.005175983436852993,2439525
28/12/2023,83191.53196103114,83191.53196103114,82591.18069945669,82848.47409727432,-300,-0.003095975232198178,1591200
27/12/2023,83534.58982478797,83877.6476885448,83105.76749509193,83105.76749509193,-300,-0.0030864197530864335,2291700
26/12/2023,82762.7096313351,84563.76341605846,82676.9451653959,83363.06089290956,1200,0.012499999999999956,4289901
25/12/2023,81390.47817630779,82505.41623351749,81304.71371036858,82333.88730163907,1400,0.014799154334038,2739800
22/12/2023,81476.242642247,81562.0071081862,80961.65584661176,81133.18477849016,-500,-0.00525762355415349,1721300
21/12/2023,81133.18477849016,81562.0071081862,80618.59798285492,81562.0071081862,400,0.004223864836325308,1982242
20/12/2023,80875.89138067255,81476.242642247,80704.36244879413,81218.94924442937,100,0.0010570824524311906,5016500
19/12/2023,80532.83351691572,81133.18477849016,80275.54011909809,81133.18477849016,600,0.006382978723404209,2161323
18/12/2023,82248.12283569986,82505.41623351749,80361.3045850373,80618.59798285492,-2200,-0.022869022869022815,6559900
15/12/2023,82505.41623351749,82591.18069945669,81476.242642247,82505.41623351749,0,0,2389401
14/12/2023,82162.35836976065,82676.9451653959,81647.7715741254,82505.41623351749,1000,0.010504201680672232,6126836
13/12/2023,83534.58982478797,83534.58982478797,81647.7715741254,81647.7715741254,-1600,-0.016528925619834656,4693469
12/12/2023,81819.30050600383,83020.00302915274,81733.53604006462,83020.00302915274,1800,0.0189473684210526,5303088
11/12/2023,81905.06497194304,82076.59390382144,81133.18477849016,81476.242642247,800,0.00849256900212314,1821800
08/12/2023,80875.89138067255,81562.0071081862,80189.77565315888,80790.12691473334,-100,-0.0010604453870625141,1964170
07/12/2023,81562.0071081862,81733.53604006462,79589.42439158444,80875.89138067255,-700,-0.00736842105263158,5040930
06/12/2023,81476.242642247,81819.30050600383,80704.36244879413,81476.242642247,200,0.0021097046413502962,2106100
05/12/2023,80447.06905097651,82162.35836976065,80361.3045850373,81304.71371036858,1200,0.012820512820512775,3671700
04/12/2023,79417.89545970602,80618.59798285492,79417.89545970602,80275.54011909809,1200,0.01298701298701288,3676403
01/12/2023,79074.8375959492,79675.18885752364,78302.95740249632,79246.3665278276,500,0.005440696409140466,1875317
30/11/2023,78388.72186843553,80361.3045850373,78302.95740249632,78817.54419813157,200,0.0021810250817884125,2850100
29/11/2023,78560.25080031395,78903.30866407078,78131.4284706179,78646.01526625315,600,0.00658616904500553,934800
28/11/2023,77874.13507280029,78817.54419813157,77102.25487934743,78131.4284706179,400,0.004410143329658167,3038800
27/11/2023,78388.72186843553,78388.72186843553,77273.78381122583,77788.37060686108,-500,-0.005482456140350922,2181800
24/11/2023,77874.13507280029,78903.30866407078,77359.54827716504,78217.19293655711,400,0.004405286343612369,2500900
23/11/2023,80018.24672128048,80361.3045850373,77874.13507280029,77874.13507280029,-2200,-0.023655913978494647,2631500
22/11/2023,78817.54419813157,79846.71778940206,78817.54419813157,79760.95332346285,1100,0.01196953210010876,3394300
21/11/2023,78903.30866407078,78903.30866407078,77788.37060686108,78817.54419813157,1200,0.013230429988974723,1653400
20/11/2023,77273.78381122583,79417.89545970602,76416.13915183376,77788.37060686108,-300,-0.003296703296703285,2214600
17/11/2023,80104.01118721967,80189.77565315888,77702.60614092187,78045.6640046787,-2000,-0.021505376344086002,3851300
16/11/2023,79074.8375959492,79760.95332346285,78560.25080031395,79760.95332346285,600,0.006493506493506551,2456401
15/11/2023,80361.3045850373,80447.06905097651,78903.30866407078,79246.3665278276,-200,-0.002159827213822907,2949301
14/11/2023,78903.30866407078,80104.01118721967,78302.95740249632,79417.89545970602,1200,0.013129102844638973,2228300
13/11/2023,78560.25080031395,78903.30866407078,77616.84167498267,78388.72186843553,-100,-0.0010928961748634114,2009500
10/11/2023,78474.48633437474,79503.65992564523,78302.95740249632,78474.48633437474,-1000,-0.010810810810810811,2952801
09/11/2023,78903.30866407078,80018.24672128048,78731.77973219236,79332.13099376681,-100,-0.001079913606911398,3010800
08/11/2023,75644.2589583809,79417.89545970602,75472.73002650248,79417.89545970602,4300,0.04869762174405445,4161100
07/11/2023,75901.55235619852,76158.84575401615,75386.96556056327,75730.0234243201,-200,-0.002259887005649719,1340200
06/11/2023,75644.2589583809,76244.61021995534,75301.20109462406,75901.55235619852,1500,0.01724137931034475,1996075
03/11/2023,76330.37468589455,76501.90361777297,74615.08536711041,74615.08536711041,-2000,-0.022471910112359605,5449105
02/11/2023,74100.49857147517,76330.37468589455,73671.67624177913,76330.37468589455,3600,0.042154566744730726,3739300
01/11/2023,72299.4447867518,73242.85391208308,70841.44886578528,73242.85391208308,2400,0.028915662650602414,5052501
31/10/2023,72985.56051426547,73157.08944614389,71184.50672954212,71184.50672954212,-2000,-0.02352941176470591,3087200
30/10/2023,74615.08536711041,74700.84983304961,72899.79604832626,72899.79604832626,-2000,-0.02298850574712641,1987300
27/10/2023,75043.90769680645,75472.73002650248,74014.73410553596,74615.08536711041,200,0.0023041474654377225,2474800
26/10/2023,75730.0234243201,77102.25487934743,73757.44070771833,74443.55643523199,-4100,-0.04510451045104513,6098925
25/10/2023,78731.77973219236,79503.65992564523,77959.8995387395,77959.8995387395,-1100,-0.011956521739130421,2570700
24/10/2023,79246.3665278276,79246.3665278276,77874.13507280029,78903.30866407078,1000,0.01098901098901095,2700704
23/10/2023,80447.06905097651,80447.06905097651,77874.13507280029,78045.6640046787,-1900,-0.020452099031216364,3049502
20/10/2023,79332.13099376681,79760.95332346285,77273.78381122583,79675.18885752364,900,0.009782608695652284,3868475
19/10/2023,80618.59798285492,80875.89138067255,78903.30866407078,78903.30866407078,-1000,-0.010752688172043001,6001577
18/10/2023,81390.47817630779,81390.47817630779,78045.6640046787,79760.95332346285,-100,-0.0010741138560687036,7902700
17/10/2023,83877.6476885448,83877.6476885448,79846.71778940206,79846.71778940206,-3700,-0.038223140495867725,2743400
16/10/2023,83020.00302915274,84821.05681387609,82591.18069945669,83020.00302915274,700,0.007284079084287187,6972400
13/10/2023,82333.88730163907,82591.18069945669,81733.53604006462,82419.65176757828,-300,-0.003112033195020736,2970000
12/10/2023,83191.53196103114,83877.6476885448,82333.88730163907,82676.9451653959,-600,-0.006185567010309256,2199300
11/10/2023,82248.12283569986,84049.17662042321,82248.12283569986,83191.53196103114,700,0.007268951194184803,2921800
10/10/2023,82762.7096313351,83363.06089290956,81819.30050600383,82591.18069945669,700,0.007322175732217495,5808100
09/10/2023,79246.3665278276,81990.82943788225,79074.8375959492,81990.82943788225,2900,0.031283710895361416,4974000
06/10/2023,78474.48633437474,79589.42439158444,78045.6640046787,79503.65992564523,1100,0.012008733624454093,1339600
05/10/2023,79589.42439158444,80018.24672128048,78560.25080031395,78560.25080031395,-900,-0.009729729729729741,1479100
04/10/2023,78302.95740249632,80104.01118721967,78302.95740249632,79332.13099376681,300,0.0032537960954446277,2708201
03/10/2023,79074.8375959492,80189.77565315888,78474.48633437474,79074.8375959492,-1000,-0.010729613733905574,2848600
02/10/2023,80104.01118721967,80447.06905097651,78903.30866407078,79932.48225534127,400,0.004310344827586299,1588140
29/09/2023,80618.59798285492,81390.47817630779,79589.42439158444,79589.42439158444,-1200,-0.012765957446808529,3432000
28/09/2023,80704.36244879413,80875.89138067255,78388.72186843553,80618.59798285492,-300,-0.0031813361611876534,2106800
27/09/2023,80532.83351691572,80875.89138067255,77531.07720904346,80875.89138067255,800,0.00855614973262031,5200401
26/09/2023,80790.12691473334,81905.06497194304,79846.71778940206,80189.77565315888,-800,-0.008483563096500557,2568000
25/09/2023,83191.53196103114,83706.11875666639,80875.89138067255,80875.89138067255,-2400,-0.024819027921406445,3150980
22/09/2023,81562.0071081862,83191.53196103114,79417.89545970602,82934.23856321353,-100,-0.0010330578512396382,7808600
21/09/2023,84477.99895011926,84821.05681387609,82591.18069945669,83020.00302915274,-1700,-0.017258883248730927,4477900
20/09/2023,84735.29234793688,85507.17254138974,84477.99895011926,84477.99895011926,100,0.00101626016260159,2663500
19/09/2023,83020.00302915274,84392.23448418005,82248.12283569986,84392.23448418005,1500,0.015479876160990669,4395800
18/09/2023,83105.76749509193,83105.76749509193,82076.59390382144,83105.76749509193,-600,-0.006153846153846176,2649500
15/09/2023,82333.88730163907,83877.6476885448,81733.53604006462,83620.35429072718,1600,0.016684045881126153,2803000
14/09/2023,84049.17662042321,84049.17662042321,81905.06497194304,82248.12283569986,-2100,-0.021428571428571463,3184700
13/09/2023,84821.05681387609,84906.8212798153,83534.58982478797,84049.17662042321,-900,-0.009100101112234582,4776120
12/09/2023,83534.58982478797,84821.05681387609,83534.58982478797,84821.05681387609,1500,0.015400410677617993,4011513
11/09/2023,84649.52788199767,85335.64360951133,81733.53604006462,83534.58982478797,-200,-0.002049180327868827,5879810
08/09/2023,83620.35429072718,84477.99895011926,83191.53196103114,83706.11875666639,-300,-0.003064351378958108,2635599
07/09/2023,84906.8212798153,86450.58166672103,83706.11875666639,83963.41215448402,-1100,-0.011111111111111072,3641101
06/09/2023,83277.29642697035,84906.8212798153,82591.18069945669,84906.8212798153,2200,0.022727272727272707,2736401
05/09/2023,83277.29642697035,84649.52788199767,83020.00302915274,83020.00302915274,100,0.0010341261633919352,1993601
31/08/2023,82848.47409727432,83620.35429072718,82419.65176757828,82934.23856321353,100,0.0010351966873705098,1643700
30/08/2023,79932.48225534127,84220.70555230163,79846.71778940206,82848.47409727432,3000,0.03205128205128216,3211100
29/08/2023,80618.59798285492,80618.59798285492,79589.42439158444,80275.54011909809,-400,-0.004255319148936176,3566800
28/08/2023,78903.30866407078,80875.89138067255,78045.6640046787,80618.59798285492,3400,0.03752759381898452,3564701
25/08/2023,76759.19701559059,78045.6640046787,76416.13915183376,77702.60614092187,600,0.006666666666666599,3681400
24/08/2023,73328.6183780223,77273.78381122583,72985.56051426547,77188.01934528662,4500,0.05263157894736836,6307803
23/08/2023,73243.84541117006,73582.93728807362,71802.7049343299,73328.61838039594,0,0,5362503
22/08/2023,73159.07244194417,73328.61838039594,70361.56445748976,73328.61838039594,600,0.006984866123399325,3814024
21/08/2023,72819.9805650406,73498.16431884773,72480.88868813704,72819.9805650406,400,0.004678362573099504,3730218
18/08/2023,72565.66165736293,74515.43994955842,71463.61305742634,72480.88868813704,-500,-0.005813953488372103,4283705
17/08/2023,72057.02384200758,73922.02916497718,72057.02384200758,72904.75353426649,900,0.010575793184488758,4283009
16/08/2023,70531.11039594153,72226.56978045937,70531.11039594153,72141.79681123348,1100,0.013095238095238049,4205408
15/08/2023,70022.4725805862,71463.61305742634,69089.96991910138,71209.29414974866,1400,0.016949152542372836,1715612
14/08/2023,69598.60773445673,70531.11039594153,69513.83476523084,70022.4725805862,600,0.007317073170731714,1014109
11/08/2023,69513.83476523084,70361.56445748976,69089.96991910138,69513.83476523084,-200,-0.0024330900243308973,1283362
10/08/2023,70446.33742671565,70615.88336516742,69683.38070368262,69683.38070368262,-900,-0.010830324909747335,1393330
09/08/2023,71209.29414974866,71802.7049343299,70361.56445748976,70446.33742671565,-1100,-0.013064133016627122,1472034
08/08/2023,71209.29414974866,71717.93196510401,71039.74821129689,71378.84008820045,-300,-0.0035502958579881616,905718
07/08/2023,70870.2022728451,71633.15899587813,70615.88336516742,71633.15899587813,1200,0.014405762304922076,752518
04/08/2023,71209.29414974866,71633.15899587813,70615.88336516742,70615.88336516742,-400,-0.004778972520907976,2507826
03/08/2023,71039.74821129689,71378.84008820045,70276.79148826386,70954.975242071,200,0.0023952095808383866,1007918
02/08/2023,71633.15899587813,71887.4779035558,70785.42930361921,70785.42930361921,-1000,-0.011834319526627168,1716535
01/08/2023,72565.66165736293,73159.07244194417,71633.15899587813,71633.15899587813,-1100,-0.012850467289719614,1437315
31/07/2023,71802.7049343299,72735.2075958147,71548.38602665224,72565.66165736293,1200,0.014218009478673022,1512327
28/07/2023,70785.42930361921,71548.38602665224,70446.33742671565,71548.38602665224,700,0.008363201911588902,898421
27/07/2023,70192.01851903797,71548.38602665224,70192.01851903797,70954.975242071,1000,0.012091898428053138,1779013
26/07/2023,68835.65101142372,70107.24554981208,68750.87804219782,70107.24554981208,1400,0.017220172201722006,1392252
25/07/2023,68666.10507297193,69683.38070368262,68666.10507297193,68920.4239806496,300,0.0037037037037037646,1472214
24/07/2023,68666.10507297193,68920.4239806496,68327.01319606836,68666.10507297193,0,0,6189824
21/07/2023,67564.05647303534,68666.10507297193,67479.28350380945,68666.10507297193,700,0.008717310087173136,1373625
20/07/2023,66631.55381155053,68920.4239806496,66546.78084232465,68072.69428839069,1800,0.02292993630573248,2334307
19/07/2023,66546.78084232465,66885.87271922821,66377.23490387287,66546.78084232465,-200,-0.0025412960609910717,951900
18/07/2023,66970.6456884541,66970.6456884541,66207.68896542108,66716.32678077644,-300,-0.0037974683544304,1677400
17/07/2023,66970.6456884541,67140.19162690589,66546.78084232465,66970.6456884541,700,0.008939974457215838,1247301
14/07/2023,65190.413334710385,66377.23490387287,64512.22958090326,66377.23490387287,2500,0.03298153034300788,2822800
13/07/2023,64257.91067322558,64257.91067322558,63918.81879632202,64257.91067322558,500,0.006640106241699861,1354889
12/07/2023,63579.726919418456,64173.137703999695,63494.95395019256,63834.045827096124,300,0.0040000000000000036,1084900
11/07/2023,63834.045827096124,63918.81879632202,63579.726919418456,63579.726919418456,-300,-0.003984063745019917,2060202
10/07/2023,63834.045827096124,64342.68364245148,63494.95395019256,63834.045827096124,0,0,1470300
07/07/2023,62901.54316561132,64003.591765547906,62901.54316561132,63834.045827096124,700,0.009383378016085686,1168700
06/07/2023,63410.180980966674,63749.27285787024,62731.99722715954,63240.635042514885,-200,-0.002673796791443861,1801900
05/07/2023,63664.49988864434,64851.32145780682,63410.180980966674,63410.180980966674,0,0,2510220
04/07/2023,62958.227938189106,63395.437854426535,62812.4912994433,63395.437854426535,600,0.00694444444444442,1328101
03/07/2023,63031.096257562014,63249.701215680725,62666.754660697494,62958.227938189106,400,0.0046511627906977715,1444151
30/06/2023,63031.096257562014,63103.964576934915,62666.754660697494,62666.754660697494,-500,-0.005780346820809301,1193500
29/06/2023,63395.437854426535,63468.306173799436,63031.096257562014,63031.096257562014,-500,-0.005747126436781658,1277100
28/06/2023,63686.91113191815,63978.384409409766,63395.437854426535,63395.437854426535,-300,-0.0034364261168384758,1281800
27/06/2023,62666.754660697494,63614.042812545245,62666.754660697494,63614.042812545245,1500,0.0174825174825175,1737800
26/06/2023,62010.939786341354,62521.018021951684,61646.598189476834,62521.018021951684,700,0.008225616921269108,1739803
23/06/2023,62375.281383205875,62375.281383205875,61792.33482822264,62010.939786341354,-400,-0.004678362573099393,1556800
22/06/2023,62739.622980070395,63031.096257562014,61719.46650884974,62302.41306383297,-300,-0.0034965034965035446,1019700
21/06/2023,62302.41306383297,62958.227938189106,62229.544744460065,62521.018021951684,300,0.0035087719298245723,2665254
20/06/2023,61938.07146696845,62521.018021951684,61719.46650884974,62302.41306383297,800,0.009445100354191327,1566300
19/06/2023,61719.46650884974,62302.41306383297,61573.72987010393,61719.46650884974,200,0.002366863905325367,733200
16/06/2023,61282.25659261231,62812.4912994433,60772.17835700198,61573.72987010393,400,0.0047562425683709275,2431500
15/06/2023,61355.12491198522,61500.861550731024,60917.91499574779,61282.25659261231,-100,-0.001187648456057011,818600
14/06/2023,61427.99323135812,61792.33482822264,61282.25659261231,61355.12491198522,-200,-0.0023696682464454666,808600
13/06/2023,61500.861550731024,61865.203147595545,61427.99323135812,61500.861550731024,-500,-0.005889281507656108,1039101
12/06/2023,61573.72987010393,61865.203147595545,60917.91499574779,61865.203147595545,300,0.0035460992907800915,745700
09/06/2023,61427.99323135812,61719.46650884974,60990.7833151207,61646.598189476834,1000,0.011961722488038173,953600
08/06/2023,61719.46650884974,61865.203147595545,60845.04667637489,60917.91499574779,-1400,-0.016470588235294126,1897080
07/06/2023,61938.07146696845,62229.544744460065,61427.99323135812,61938.07146696845,-300,-0.003516998827667095,1281946
06/06/2023,62156.676425087164,62156.676425087164,61719.46650884974,62156.676425087164,300,0.003529411764705781,514000
05/06/2023,61136.519953866504,62083.80810571426,61063.6516344936,61938.07146696845,1200,0.014319809069212486,1725300
02/06/2023,60845.04667637489,61427.99323135812,60553.57339888327,61063.6516344936,300,0.00359281437125758,735900
01/06/2023,61209.38827323941,61209.38827323941,60553.57339888327,60845.04667637489,-600,-0.007134363852556502,1127300
31/05/2023,61355.12491198522,61355.12491198522,60553.57339888327,61282.25659261231,100,0.0011904761904761862,839400
30/05/2023,60480.70507951037,61865.203147595545,60407.83676013746,61209.38827323941,900,0.010830324909747224,5462000
29/05/2023,60845.04667637489,60990.7833151207,60407.83676013746,60553.57339888327,0,0,879600
26/05/2023,60553.57339888327,60772.17835700198,59970.62684390004,60553.57339888327,-100,-0.0012019230769231282,1410400
25/05/2023,59169.0753307981,60772.17835700198,59023.33869205229,60626.44171825618,1900,0.02337023370233693,1391300
24/05/2023,59752.02188578133,59824.89020515423,59096.20701142519,59241.943650171,-700,-0.008536585365853666,464300
23/05/2023,60116.36348264585,60116.36348264585,59314.8119695439,59752.02188578133,-500,-0.0060606060606061,1144100
22/05/2023,60334.96844076456,60334.96844076456,59752.02188578133,60116.36348264585,-300,-0.0036231884057971175,599000
19/05/2023,60480.70507951037,60699.31003762908,59606.28524703552,60334.96844076456,-100,-0.0012062726176115257,2054000
18/05/2023,59606.28524703552,60480.70507951037,59314.8119695439,60407.83676013746,1400,0.01717791411042935,1549800
17/05/2023,59679.15356640842,60262.10012139166,59096.20701142519,59387.68028891681,0,0,1361200
16/05/2023,59023.33869205229,59533.41692766262,58877.60205330648,59387.68028891681,500,0.006172839506172867,1370384
15/05/2023,59314.8119695439,59606.28524703552,58877.60205330648,59023.33869205229,500,0.006211180124223503,1399701
12/05/2023,57784.57726271292,58731.86541456067,57420.2356658484,58658.99709518777,1400,0.017699115044247815,1243100
11/05/2023,57638.84062396711,58003.18222083163,57565.97230459421,57638.84062396711,100,0.0012658227848101333,501000
10/05/2023,57565.97230459421,58003.18222083163,57565.97230459421,57565.97230459421,100,0.0012674271229404788,632500
09/05/2023,57274.49902710259,58148.91885957744,57274.49902710259,57493.10398522131,400,0.005095541401273884,605900
08/05/2023,57201.63070772969,57493.10398522131,57128.76238835679,57201.63070772969,100,0.0012755102040815647,812901
05/05/2023,57274.49902710259,57274.49902710259,56983.02574961098,57128.76238835679,-100,-0.001273885350318471,319200
04/05/2023,56691.55247211936,57347.3673464755,56545.81583337355,57201.63070772969,1000,0.012903225806451646,2423868
28/04/2023,57420.2356658484,57420.2356658484,56472.94751400065,56472.94751400065,-800,-0.010217113665389577,956002
27/04/2023,56910.15743023807,57420.2356658484,56910.15743023807,57055.89406898388,0,0,221000
26/04/2023,56910.15743023807,57128.76238835679,56545.81583337355,57055.89406898388,-100,-0.0012755102040816757,1290700
25/04/2023,57638.84062396711,57784.57726271292,57055.89406898388,57128.76238835679,-700,-0.008849557522123908,957240
24/04/2023,57930.31390145873,58731.86541456067,57565.97230459421,57638.84062396711,-200,-0.0025220680958385477,794500
21/04/2023,58294.65549832325,58294.65549832325,57784.57726271292,57784.57726271292,-100,-0.0012594458438287548,383200
20/04/2023,58148.91885957744,58148.91885957744,57711.70894334002,57857.44558208583,100,0.0012610340479193294,364400
19/04/2023,58148.91885957744,58148.91885957744,57784.57726271292,57784.57726271292,-100,-0.0012594458438287548,419800
18/04/2023,58003.18222083163,58294.65549832325,57711.70894334002,57857.44558208583,-200,-0.002512562814070307,332900
17/04/2023,58003.18222083163,58076.05054020454,57565.97230459421,58003.18222083163,0,0,623120
14/04/2023,58221.78717895035,58367.52381769615,57784.57726271292,58003.18222083163,0,0,562500
13/04/2023,58513.26045644196,58586.12877581487,57784.57726271292,58003.18222083163,-700,-0.008717310087173136,560500
12/04/2023,58513.26045644196,58658.99709518777,58221.78717895035,58513.26045644196,0,0,638204
11/04/2023,58440.39213706906,58658.99709518777,58367.52381769615,58513.26045644196,0,0,534000
10/04/2023,59023.33869205229,59023.33869205229,58367.52381769615,58513.26045644196,-200,-0.00248447204968949,769800
07/04/2023,58440.39213706906,58804.73373393358,58294.65549832325,58658.99709518777,200,0.00249066002490661,4318378
06/04/2023,58804.73373393358,59387.68028891681,58513.26045644196,58513.26045644196,-300,-0.003722084367245637,632912
05/04/2023,58658.99709518777,58731.86541456067,58076.05054020454,58731.86541456067,100,0.001242236024844745,422000
04/04/2023,58950.47037267938,59023.33869205229,58294.65549832325,58658.99709518777,-400,-0.0049443757725586845,584600
03/04/2023,57857.44558208583,58950.47037267938,57638.84062396711,58950.47037267938,1800,0.022756005056890016,1190200
31/03/2023,57638.84062396711,57930.31390145873,57565.97230459421,57638.84062396711,0,0,1713600
30/03/2023,57565.97230459421,57784.57726271292,57420.2356658484,57638.84062396711,100,0.0012658227848101333,968200
29/03/2023,57711.70894334002,57784.57726271292,57274.49902710259,57565.97230459421,-200,-0.002525252525252486,850300
28/03/2023,57711.70894334002,57711.70894334002,56472.94751400065,57711.70894334002,100,0.0012642225031604948,1611200
27/03/2023,57493.10398522131,57711.70894334002,57201.63070772969,57638.84062396711,500,0.006361323155216203,1058280
24/03/2023,57055.89406898388,57420.2356658484,56837.28911086517,57274.49902710259,600,0.007692307692307665,390700
23/03/2023,57128.76238835679,57201.63070772969,56545.81583337355,56837.28911086517,-500,-0.006369426751592355,456600
22/03/2023,56983.02574961098,57274.49902710259,56545.81583337355,57201.63070772969,400,0.005121638924455718,962540
21/03/2023,57274.49902710259,57347.3673464755,56181.47423650903,56910.15743023807,500,0.006443298969072142,959474
20/03/2023,57638.84062396711,57784.57726271292,56545.81583337355,56545.81583337355,-1400,-0.017721518987341756,1416944
17/03/2023,58003.18222083163,58294.65549832325,57274.49902710259,57565.97230459421,-200,-0.002525252525252486,429400
16/03/2023,58294.65549832325,58294.65549832325,57128.76238835679,57711.70894334002,-1300,-0.016149068322981353,1202200
15/03/2023,57638.84062396711,58658.99709518777,57638.84062396711,58658.99709518777,1800,0.02287166454891998,1280200
14/03/2023,57565.97230459421,57638.84062396711,57201.63070772969,57347.3673464755,-200,-0.0025348542458808465,697400
13/03/2023,56910.15743023807,57857.44558208583,56910.15743023807,57493.10398522131,-600,-0.007547169811320753,886500
10/03/2023,58440.39213706906,58586.12877581487,57565.97230459421,57930.31390145873,-1100,-0.013647642679900707,640900
09/03/2023,57930.31390145873,58804.73373393358,57711.70894334002,58731.86541456067,1100,0.01383647798742138,1273200
08/03/2023,57201.63070772969,57930.31390145873,57201.63070772969,57930.31390145873,700,0.008883248730964466,1075100
07/03/2023,57638.84062396711,58221.78717895035,57420.2356658484,57420.2356658484,600,0.007672634271099765,900900
06/03/2023,56910.15743023807,58148.91885957744,56910.15743023807,56983.02574961098,-300,-0.003821656050955413,845200
03/03/2023,57784.57726271292,58294.65549832325,57201.63070772969,57201.63070772969,-1500,-0.018750000000000044,740800
02/03/2023,58294.65549832325,58658.99709518777,58148.91885957744,58294.65549832325,-500,-0.006211180124223614,1697083
01/03/2023,57930.31390145873,58658.99709518777,57347.3673464755,58658.99709518777,0,0,1487800
28/02/2023,58294.65549832325,58804.73373393358,57930.31390145873,58658.99709518777,200,0.00249066002490661,962900
27/02/2023,58294.65549832325,58658.99709518777,58221.78717895035,58513.26045644196,-500,-0.006188118811881194,1085400
24/02/2023,59096.20701142519,59241.943650171,58586.12877581487,58877.60205330648,-600,-0.0073710073710073765,870900
23/02/2023,59533.41692766262,59533.41692766262,58731.86541456067,59314.8119695439,-400,-0.004889975550122272,10509860
22/02/2023,59970.62684390004,60116.36348264585,59606.28524703552,59606.28524703552,-1000,-0.012077294685990392,1047200
21/02/2023,60334.96844076456,60990.7833151207,60189.23180201875,60334.96844076456,0,0,840000
20/02/2023,59460.54860828971,60480.70507951037,59314.8119695439,60334.96844076456,1200,0.014705882352941124,1729900
17/02/2023,59169.0753307981,59460.54860828971,59023.33869205229,59460.54860828971,0,0,547600
16/02/2023,59460.54860828971,59752.02188578133,58804.73373393358,59460.54860828971,0,0,424200
15/02/2023,58658.99709518777,59679.15356640842,58513.26045644196,59460.54860828971,800,0.00990099009900991,5050600
14/02/2023,58804.73373393358,59023.33869205229,58440.39213706906,58877.60205330648,100,0.0012391573729864103,785777
13/02/2023,58804.73373393358,59169.0753307981,58294.65549832325,58804.73373393358,0,0,2110700
10/02/2023,59096.20701142519,59169.0753307981,58658.99709518777,58804.73373393358,0,0,2671824
09/02/2023,59023.33869205229,59460.54860828971,58804.73373393358,58804.73373393358,-500,-0.006157635467980316,3490500
08/02/2023,58877.60205330648,59533.41692766262,58731.86541456067,59169.0753307981,500,0.006195786864931829,891600
07/02/2023,58658.99709518777,59679.15356640842,58658.99709518777,58804.73373393358,200,0.00248447204968949,814700
06/02/2023,58294.65549832325,59460.54860828971,58076.05054020454,58658.99709518777,400,0.004993757802746579,1015724
03/02/2023,59752.02188578133,59752.02188578133,58367.52381769615,58367.52381769615,-1800,-0.02197802197802201,1980900
02/02/2023,59824.89020515423,60043.49516327294,59241.943650171,59679.15356640842,-100,-0.0012195121951219523,2256000
01/02/2023,61209.38827323941,61209.38827323941,59606.28524703552,59752.02188578133,-1500,-0.017964071856287456,1068300
31/01/2023,60845.04667637489,60990.7833151207,59533.41692766262,60845.04667637489,-200,-0.002389486260453988,1724400
30/01/2023,61355.12491198522,61500.861550731024,60990.7833151207,60990.7833151207,-300,-0.0035714285714285587,914900
27/01/2023,61282.25659261231,62302.41306383297,61209.38827323941,61209.38827323941,100,0.0011918951132301459,1181700
19/01/2023,60480.70507951037,61355.12491198522,60407.83676013746,61136.519953866504,500,0.005995203836930418,1521136
18/01/2023,59824.89020515423,60772.17835700198,59606.28524703552,60772.17835700198,1400,0.017073170731707332,1106900
17/01/2023,59169.0753307981,59752.02188578133,59023.33869205229,59752.02188578133,1200,0.014851485148514865,1082800
16/01/2023,58367.52381769615,59023.33869205229,58076.05054020454,58877.60205330648,800,0.010000000000000009,574500
13/01/2023,58658.99709518777,59169.0753307981,58294.65549832325,58294.65549832325,-700,-0.008674101610904539,999000
12/01/2023,59023.33869205229,59387.68028891681,58440.39213706906,58804.73373393358,-200,-0.0024721878862793423,572500
11/01/2023,58586.12877581487,59460.54860828971,58586.12877581487,58950.47037267938,500,0.006218905472636926,1076900
10/01/2023,58804.73373393358,59241.943650171,58440.39213706906,58586.12877581487,100,0.001245330012453305,4045000
09/01/2023,58658.99709518777,58950.47037267938,58221.78717895035,58513.26045644196,0,0,518900
06/01/2023,58586.12877581487,59096.20701142519,58440.39213706906,58513.26045644196,-300,-0.003722084367245637,719400
05/01/2023,58440.39213706906,59387.68028891681,58440.39213706906,58731.86541456067,600,0.007500000000000062,1012600
04/01/2023,58877.60205330648,59023.33869205229,57784.57726271292,58294.65549832325,0,0,794300
03/01/2023,56035.737597763225,58294.65549832325,55962.86927839032,58294.65549832325,3100,0.04031209362808852,1535200
30/12/2022,55525.659362152895,56035.737597763225,55379.922723407086,56035.737597763225,700,0.009186351706036655,1128600
29/12/2022,55744.264320271606,56108.60591713613,55525.659362152895,55525.659362152895,,,891516
28/12/2022,56108.60591713613,56108.60591713613,55379.922723407086,55890.000959017416,,,589200
27/12/2022,55671.396000898705,56472.94751400065,55379.922723407086,55744.264320271606,,,1588616
26/12/2022,56618.68415274646,56910.15743023807,55671.396000898705,55671.396000898705,,,832500
23/12/2022,55671.396000898705,56837.28911086517,55525.659362152895,56837.28911086517,,,1823000
22/12/2022,56254.342555881936,56472.94751400065,55379.922723407086,56254.342555881936,,,1037800
21/12/2022,56254.342555881936,56400.079194627746,55161.317765288375,56254.342555881936,,,852236
20/12/2022,56254.342555881936,56254.342555881936,54942.712807169664,55817.13263964451,,,841200
19/12/2022,57055.89406898388,57055.89406898388,55817.13263964451,55817.13263964451,,,1026200
16/12/2022,56108.60591713613,56837.28911086517,55671.396000898705,56764.420791492266,,,1126900
15/12/2022,55671.396000898705,56910.15743023807,55671.396000898705,56618.68415274646,,,1197500
14/12/2022,56254.342555881936,56472.94751400065,55452.79104277999,55598.5276815258,,,1766100
13/12/2022,55525.659362152895,56327.21087525484,54796.976168423855,56254.342555881936,,,899700
12/12/2022,56545.81583337355,56983.02574961098,55671.396000898705,56108.60591713613,,,2540500
09/12/2022,55598.5276815258,56837.28911086517,55525.659362152895,56837.28911086517,,,987500
08/12/2022,56035.737597763225,57420.2356658484,55088.44944591547,56108.60591713613,,,1298700
07/12/2022,55307.054404034185,55817.13263964451,54505.502890932235,55744.264320271606,,,1098800
06/12/2022,57055.89406898388,57493.10398522131,55379.922723407086,55379.922723407086,,,1537700
05/12/2022,56837.28911086517,57565.97230459421,56400.079194627746,57055.89406898388,,,1216400
02/12/2022,54432.634571559334,56618.68415274646,53922.556335949004,56400.079194627746,,,2901400
01/12/2022,54724.107849050946,55234.186084661276,53995.424655321905,54432.634571559334,,,1776500
30/11/2022,54286.897932813525,54578.371210305144,53558.214739084484,54359.766252186426,,,1048500
29/11/2022,54578.371210305144,54578.371210305144,53193.87314221996,54141.161294067715,,,1143800
28/11/2022,52756.66322598254,54286.897932813525,52683.79490660963,54141.161294067715,,,1283800
25/11/2022,51445.03347727027,52465.18994849092,51372.16515789736,52465.18994849092,,,1467400
24/11/2022,50862.08692228703,51736.50675476188,50570.61364479542,51372.16515789736,,,916400
23/11/2022,51007.82356103284,51736.50675476188,50789.21860291413,51372.16515789736,,,465900
22/11/2022,51007.82356103284,52465.18994849092,50352.00868667671,51372.16515789736,,,1196300
21/11/2022,50643.48196416832,52319.45330974511,50643.48196416832,51080.69188040575,,,840500
18/11/2022,51080.69188040575,52465.18994849092,50424.87700604961,52100.8483516264,,,1261700
17/11/2022,50497.74532542251,52465.18994849092,47000.06599552312,51736.50675476188,,,2082500
16/11/2022,44668.27977559019,51007.82356103284,44668.27977559019,50497.74532542251,,,3318000
15/11/2022,51007.82356103284,51007.82356103284,48020.22246674378,48020.22246674378,,,9108949
14/11/2022,52465.18994849092,52756.66322598254,51007.82356103284,51590.77011601607,,,1639000
11/11/2022,53266.741461592865,53631.083058457385,52465.18994849092,53048.136503474154,,,1446800
10/11/2022,53558.214739084484,53703.95137783029,50352.00868667671,53193.87314221996,,,2988600
09/11/2022,53412.478100338674,54141.161294067715,53412.478100338674,53922.556335949004,,,897700
08/11/2022,52100.8483516264,53849.6880165761,52027.9800322535,53412.478100338674,,,1665000
07/11/2022,52902.39986472835,53922.556335949004,52902.39986472835,52902.39986472835,,,2036000
04/11/2022,53922.556335949004,53922.556335949004,52100.8483516264,53121.00482284706,,,2722300
03/11/2022,54286.897932813525,55161.317765288375,53703.95137783029,53995.424655321905,,,672400
02/11/2022,54796.976168423855,55379.922723407086,53922.556335949004,53922.556335949004,,,978200
01/11/2022,55598.5276815258,55962.86927839032,54651.239529678045,55015.581126542565,,,611500
31/10/2022,54651.239529678045,55379.922723407086,53703.95137783029,55088.44944591547,,,1084700
28/10/2022,55598.5276815258,55598.5276815258,54432.634571559334,54651.239529678045,,,925800
27/10/2022,53995.424655321905,55525.659362152895,53703.95137783029,55234.186084661276,,,965900
26/10/2022,54286.897932813525,54286.897932813525,52975.26818410125,53776.819697203195,,,675100
25/10/2022,52027.9800322535,54286.897932813525,51809.37507413479,53339.60978096577,,,1564600
24/10/2022,53849.6880165761,54286.897932813525,51736.50675476188,51809.37507413479,,,3214200
21/10/2022,56618.68415274646,56618.68415274646,53849.6880165761,53849.6880165761,,,2505400
20/10/2022,55234.186084661276,57201.63070772969,54869.844487796756,56691.55247211936,,,1817900
19/10/2022,54578.371210305144,55525.659362152895,54432.634571559334,55015.581126542565,,,1766700
18/10/2022,53922.556335949004,54869.844487796756,53922.556335949004,54578.371210305144,,,900300
17/10/2022,53558.214739084484,53849.6880165761,52902.39986472835,53776.819697203195,,,730920
14/10/2022,54214.02961344062,54286.897932813525,53631.083058457385,53922.556335949004,,,844200
13/10/2022,52610.92658723673,53193.87314221996,52100.8483516264,53193.87314221996,,,959200
12/10/2022,51736.50675476188,53412.478100338674,51736.50675476188,52756.66322598254,,,1463100
11/10/2022,53922.556335949004,53922.556335949004,51736.50675476188,51736.50675476188,,,2109700
10/10/2022,53558.214739084484,55015.581126542565,52538.05826786383,53922.556335949004,,,1795400
07/10/2022,55525.659362152895,55525.659362152895,53922.556335949004,53922.556335949004,,,2134000
06/10/2022,57493.10398522131,57493.10398522131,55744.264320271606,55744.264320271606,,,1266700
05/10/2022,57565.97230459421,57930.31390145873,57128.76238835679,57128.76238835679,,,1066835
04/10/2022,56837.28911086517,57565.97230459421,56254.342555881936,56472.94751400065,,,2066000
03/10/2022,58003.18222083163,58513.26045644196,55671.396000898705,56108.60591713613,,,2267300
30/09/2022,56108.60591713613,58877.60205330648,56035.737597763225,58658.99709518777,,,3021900
29/09/2022,58148.91885957744,58367.52381769615,56108.60591713613,56108.60591713613,,,1303900
28/09/2022,58367.52381769615,58586.12877581487,56837.28911086517,56837.28911086517,,,2048400
27/09/2022,59752.02188578133,59752.02188578133,58658.99709518777,58658.99709518777,,,1102900
26/09/2022,59387.68028891681,59752.02188578133,58513.26045644196,59387.68028891681,,,2124340
23/09/2022,60553.57339888327,60553.57339888327,59824.89020515423,60043.49516327294,,,1189800
22/09/2022,59752.02188578133,60480.70507951037,59679.15356640842,60407.83676013746,,,1192400
21/09/2022,60699.31003762908,60699.31003762908,59970.62684390004,59970.62684390004,,,775400
20/09/2022,60553.57339888327,61063.6516344936,59970.62684390004,60772.17835700198,,,1976300
19/09/2022,60116.36348264585,60917.91499574779,59679.15356640842,60553.57339888327,,,2033700
16/09/2022,60990.7833151207,61136.519953866504,60116.36348264585,60116.36348264585,,,1360100
15/09/2022,61573.72987010393,61573.72987010393,60990.7833151207,60990.7833151207,,,959600
14/09/2022,60845.04667637489,61573.72987010393,60845.04667637489,61209.38827323941,,,1474901
13/09/2022,61938.07146696845,62156.676425087164,61427.99323135812,61646.598189476834,,,1277702
12/09/2022,62010.939786341354,62083.80810571426,61427.99323135812,61646.598189476834,,,767000
09/09/2022,61646.598189476834,61938.07146696845,61427.99323135812,61427.99323135812,,,1145400
08/09/2022,61282.25659261231,61938.07146696845,61063.6516344936,61427.99323135812,,,1299800
07/09/2022,62302.41306383297,62593.886341324585,61209.38827323941,61209.38827323941,,,2318200
06/09/2022,62666.754660697494,62958.227938189106,62521.018021951684,62521.018021951684,,,1593900
05/09/2022,63031.096257562014,63176.832896307824,62593.886341324585,62812.4912994433,,,1110900
31/08/2022,62521.018021951684,63395.437854426535,62521.018021951684,63103.964576934915,,,1350100
30/08/2022,63031.096257562014,63395.437854426535,62666.754660697494,62958.227938189106,,,1303200
29/08/2022,63395.437854426535,63395.437854426535,61719.46650884974,63031.096257562014,,,2541100
26/08/2022,62958.227938189106,63978.384409409766,62885.359618816205,63541.174493172344,,,1956600
25/08/2022,62812.4912994433,63176.832896307824,62666.754660697494,62885.359618816205,,,1164800
24/08/2022,63031.096257562014,63249.701215680725,62739.622980070395,62812.4912994433,,,1067000
23/08/2022,62018.47788691975,62666.75465925689,62018.47788691975,62666.75465925689,,,1113300
22/08/2022,62378.63164932927,62882.846916702605,61874.41638195594,62522.69315429308,,,1662100
19/08/2022,63387.062184075934,63747.215946485456,62090.508639401654,62594.72390677498,,,2101600
18/08/2022,63315.03143159403,64611.58497626831,63315.03143159403,63603.15444152165,,,3352900
17/08/2022,64107.36970889498,64179.400461376885,63387.062184075934,63603.15444152165,,,1506200
16/08/2022,64035.33895641307,64395.4927188226,63459.09293655784,63891.27745144926,,,1415800
15/08/2022,62378.63164932927,64179.400461376885,62378.63164932927,64035.33895641307,,,3330000
12/08/2022,61730.35487699213,62306.60089684737,61730.35487699213,62306.60089684737,,,1298500
11/08/2022,62090.508639401654,62522.69315429308,61730.35487699213,61946.44713443785,,,2535800
10/08/2022,62162.539391883554,62450.662401811176,61946.44713443785,61946.44713443785,,,1189100
09/08/2022,61946.44713443785,63026.90842166641,61730.35487699213,62090.508639401654,,,2772500
08/08/2022,61874.41638195594,62234.57014436546,61442.23186706451,61946.44713443785,,,1670200
05/08/2022,62018.47788691975,62810.8161642207,61658.324124510225,61802.38562947403,,,2275100
04/08/2022,61298.170362100704,62378.63164932927,61154.1088571369,62018.47788691975,,,3299500
03/08/2022,61226.1396096188,61370.20111458261,60649.89358976357,61082.07810465499,,,2443800
02/08/2022,60505.83208479975,61298.170362100704,60145.67832239023,61226.1396096188,,,1879700
01/08/2022,60505.83208479975,60649.89358976357,59857.55531246262,60505.83208479975,,,2404100
29/07/2022,61298.170362100704,61370.20111458261,60145.67832239023,60145.67832239023,,,2143800
28/07/2022,61370.20111458261,61802.38562947403,59857.55531246262,61154.1088571369,,,2335900
27/07/2022,60938.01659969118,61370.20111458261,60793.955094727375,61370.20111458261,,,1271232
26/07/2022,61946.44713443785,61946.44713443785,61082.07810465499,61082.07810465499,,,1440400
25/07/2022,62666.75465925689,62666.75465925689,61298.170362100704,61514.26261954642,,,2245900
22/07/2022,62234.57014436546,62306.60089684737,61298.170362100704,61298.170362100704,,,2190600
21/07/2022,61874.41638195594,61874.41638195594,60865.985847209275,61226.1396096188,,,2512600
20/07/2022,61226.1396096188,61874.41638195594,60505.83208479975,61154.1088571369,,,4169280
19/07/2022,59713.4938074988,59785.52455998071,59209.27854012547,59785.52455998071,,,2342800
18/07/2022,59641.4630550169,60865.985847209275,59281.30929260738,59785.52455998071,,,1364900
15/07/2022,60505.83208479975,60505.83208479975,59209.27854012547,59209.27854012547,,,1802200
14/07/2022,59641.4630550169,60145.67832239023,59209.27854012547,59641.4630550169,,,2203500
13/07/2022,60505.83208479975,60505.83208479975,59425.37079757119,59425.37079757119,,,1764700
12/07/2022,59641.4630550169,60145.67832239023,59569.432302534995,60145.67832239023,,,918300
11/07/2022,60938.01659969118,60938.01659969118,59641.4630550169,59641.4630550169,,,1398800
08/07/2022,60433.80133231785,60505.83208479975,59857.55531246262,60217.70907487214,,,1937500
07/07/2022,60433.80133231785,60938.01659969118,59857.55531246262,59857.55531246262,,,2486500
06/07/2022,60577.86283728166,61874.41638195594,60145.67832239023,60145.67832239023,,,3756400
05/07/2022,63243.00067911213,63243.00067911213,61514.26261954642,61514.26261954642,,,2122800
04/07/2022,63747.215946485456,63747.215946485456,61946.44713443785,62450.662401811176,,,1005500
01/07/2022,62666.75465925689,63963.30820393117,61082.07810465499,63387.062184075934,,,2766500
30/06/2022,64467.5234713045,64755.64648123212,62090.508639401654,62090.508639401654,,,2026200
29/06/2022,64035.33895641307,64827.67723371402,63531.12368903974,64827.67723371402,,,2808800
28/06/2022,64467.5234713045,64971.738738677835,62810.8161642207,64611.58497626831,,,3878200
27/06/2022,62234.57014436546,63315.03143159403,61874.41638195594,62306.60089684737,,,2519100
24/06/2022,62018.47788691975,63243.00067911213,61586.293372028325,61586.293372028325,,,931400
23/06/2022,60505.83208479975,62522.69315429308,60289.73982735404,61586.293372028325,,,3422125
22/06/2022,64683.615728750214,65115.80024364164,60793.955094727375,60865.985847209275,,,3426300
21/06/2022,66556.41529327973,67348.75357058068,64107.36970889498,64179.400461376885,,,3188800
20/06/2022,67348.75357058068,68069.06109539972,65764.07701597878,66268.29228335212,,,2667500
17/06/2022,65043.769491159735,66700.47679824354,64107.36970889498,66268.29228335212,,,4164800
16/06/2022,65547.98475853307,67564.84582802639,64971.738738677835,66268.29228335212,,,3387500
15/06/2022,65259.86174860545,65259.86174860545,63387.062184075934,65187.83099612354,,,2866700
14/06/2022,61946.44713443785,64755.64648123212,61586.293372028325,64179.400461376885,,,2895400
13/06/2022,63387.062184075934,65403.92325356926,61946.44713443785,62090.508639401654,,,3835600
10/06/2022,67450.25145085611,68223.49066501937,65427.93350612146,65427.93350612146,,,4131600
09/06/2022,68699.33018142753,68937.24993963161,67390.7715113051,68580.3703023255,,,2415400
08/06/2022,69175.16969783569,69948.40891199894,68104.53078591733,68401.93048367243,,,3038600
07/06/2022,67033.89187399899,68758.81012097855,64595.21435240719,68758.81012097855,,,6026500
06/06/2022,67807.13108816223,68996.72987918263,66617.53229714185,67212.33169265205,,,3317400
03/06/2022,66320.13259938675,67807.13108816223,65963.25296208063,67807.13108816223,,,2620100
02/06/2022,67093.37181355001,68282.9706045704,66082.21284118267,66320.13259938675,,,2763900
01/06/2022,65368.45356657044,67152.85175310103,65308.97362701942,66498.57241803981,,,3350800
31/05/2022,66201.17272028471,66201.17272028471,63940.93501734597,65368.45356657044,,,2855300
30/05/2022,66082.21284118267,66855.45205534593,64952.0939897133,66201.17272028471,,,10997000
27/05/2022,62810.8161658766,66617.53229714185,62751.33622632558,66498.57241803981,,,4495100
26/05/2022,62572.896407672524,63703.015259141896,62216.016770366405,62810.8161658766,,,1766400
25/05/2022,59182.53985326441,62453.936528570484,58706.70033685625,62453.936528570484,,,3770800
24/05/2022,57398.14166673383,58409.30063910116,57100.74196897873,58409.30063910116,,,1404700
23/05/2022,58409.30063910116,58409.30063910116,57160.22190852975,57398.14166673383,,,1343359
20/05/2022,58111.90094134606,58825.66021595829,57695.54136448892,57992.94106224402,,,1440400
19/05/2022,56565.42251301955,58111.90094134606,56565.42251301955,57695.54136448892,,,2556700
18/05/2022,59301.49973236645,59539.41949057053,57992.94106224402,58111.90094134606,,,2014400
17/05/2022,55316.343782448144,59301.49973236645,55018.944084693045,59301.49973236645,,,2045800
16/05/2022,57992.94106224402,57992.94106224402,55435.30366155018,55435.30366155018,,,1740900
13/05/2022,57160.22190852975,58885.14015550931,55375.823721999164,55673.22341975426,,,4186100
12/05/2022,59063.57997416237,60610.05840248888,56505.94257346853,56862.82221077465,,,4275700
11/05/2022,58290.34075999912,60610.05840248888,57576.58148538688,60610.05840248888,,,2307500
10/05/2022,55911.143177958336,58766.18027640727,54721.544386937945,58528.2605182032,,,3735300
09/05/2022,58468.78057865218,58885.14015550931,55911.143177958336,55911.143177958336,,,5070700
06/05/2022,60847.978160692954,61859.137133060285,59598.89943012154,59598.89943012154,,,3234500
05/05/2022,62216.016770366405,62751.33622632558,60610.05840248888,62275.496709917425,,,2453900
04/05/2022,62394.456589019464,62989.25598452966,61918.617072611305,62156.536830815385,,,2098400
29/04/2022,62453.936528570484,63703.015259141896,61978.097012162325,62453.936528570484,,,4011500
28/04/2022,61204.85779799907,63524.575440488836,60966.93803979499,62751.33622632558,,,3147500
27/04/2022,60966.93803979499,61859.137133060285,59777.3392487746,61264.33773755009,,,3161700
26/04/2022,59598.89943012154,62453.936528570484,57695.54136448892,62037.576951713345,,,5537400
25/04/2022,65487.41344567248,65963.25296208063,61502.25749575417,61502.25749575417,,,6019525
22/04/2022,66914.93199489695,67747.65114861121,63048.735924080676,66082.21284118267,,,11878200
21/04/2022,66141.69278073369,68937.24993963161,66141.69278073369,66617.53229714185,,,4068500
20/04/2022,66617.53229714185,67212.33169265205,65190.01374791738,66617.53229714185,,,3350000
19/04/2022,69294.12957693773,69591.52927469282,66617.53229714185,66617.53229714185,,,8196978
18/04/2022,68401.93048367243,70543.20830750914,67807.13108816223,68699.33018142753,,,3847800
15/04/2022,68461.41042322345,70126.848730652,67807.13108816223,68401.93048367243,,,4074500
14/04/2022,68520.89036277447,70721.6481261622,68520.89036277447,69353.60951648875,,,5399800
13/04/2022,65427.93350612146,68461.41042322345,65308.97362701942,68461.41042322345,,,3513600
12/04/2022,64833.13411061126,66320.13259938675,63405.615561386796,65308.97362701942,,,3678500
08/04/2022,67390.7715113051,67747.65114861121,64535.73441285617,64535.73441285617,,,6599500
07/04/2022,67628.69126950917,69532.0493351418,66677.01223669287,67390.7715113051,,,5422000
06/04/2022,64476.25447330515,67807.13108816223,64476.25447330515,67212.33169265205,,,4179000
05/04/2022,64892.61405016228,66379.61253893777,64833.13411061126,64833.13411061126,,,3073800
04/04/2022,67509.73139040713,67509.73139040713,65011.57392926432,65011.57392926432,,,3270200
01/04/2022,63584.055380039856,66022.73290163165,63108.215863631696,66022.73290163165,,,4624000
31/03/2022,62751.33622632558,65784.81314342757,62216.016770366405,63643.535319590876,,,3852800
30/03/2022,62929.77604497864,63821.97513824393,62156.536830815385,63048.735924080676,,,3132000
29/03/2022,58647.22039730523,62394.456589019464,58647.22039730523,62394.456589019464,,,8468000
28/03/2022,56803.34227122363,58706.70033685625,56624.90245257057,58349.82069955014,,,4321325
25/03/2022,57160.22190852975,57398.14166673383,56862.82221077465,56922.30215032567,,,1391500
24/03/2022,57100.74196897873,57814.50124359096,56684.38239212159,57100.74196897873,,,1863100
23/03/2022,57398.14166673383,57992.94106224402,57100.74196897873,57398.14166673383,,,2035800
22/03/2022,57100.74196897873,57695.54136448892,56743.86233167261,57338.66172718281,,,2079200
21/03/2022,56624.90245257057,57100.74196897873,56505.94257346853,56684.38239212159,,,2005200
18/03/2022,55316.343782448144,57457.62160628485,55316.343782448144,56565.42251301955,,,2815100
17/03/2022,54602.584507835905,55137.903963795085,54424.144689182845,54721.544386937945,,,2752300
16/03/2022,54186.22493097877,54899.984205591005,53829.34529367265,54483.624628733865,,,3165900
15/03/2022,54602.584507835905,54602.584507835905,53412.985716815514,54126.74499142775,,,3851300
14/03/2022,55316.343782448144,55316.343782448144,53829.34529367265,54602.584507835905,,,2346200
11/03/2022,56208.542875713436,56268.022815264456,55137.903963795085,55435.30366155018,,,1538600
10/03/2022,57279.18178763179,57279.18178763179,56268.022815264456,56268.022815264456,,,1569500
09/03/2022,56268.022815264456,57398.14166673383,56268.022815264456,56803.34227122363,,,3633500
08/03/2022,55792.1832988563,56743.86233167261,55078.424024244065,56386.982694366496,,,2927500
07/03/2022,55375.823721999164,55851.66323840732,54840.504266039985,55792.1832988563,,,1920300
04/03/2022,55494.7836011012,55792.1832988563,55316.343782448144,55613.74348020324,,,1343800
03/03/2022,55435.30366155018,55911.143177958336,55435.30366155018,55554.26354065222,,,1432470
02/03/2022,55316.343782448144,55554.26354065222,55137.903963795085,55375.823721999164,,,1348400
01/03/2022,55911.143177958336,55911.143177958336,55018.944084693045,55554.26354065222,,,1101900
28/02/2022,54899.984205591005,55613.74348020324,54899.984205591005,55494.7836011012,,,1561400
25/02/2022,54959.464145142025,55554.26354065222,54781.024326488965,54899.984205591005,,,1059900
24/02/2022,55316.343782448144,55613.74348020324,53531.945595917554,54721.544386937945,,,1349600
23/02/2022,55078.424024244065,55851.66323840732,55078.424024244065,55316.343782448144,,,973800
22/02/2022,55316.343782448144,55494.7836011012,54721.544386937945,55256.863842897124,,,1344700
21/02/2022,54840.504266039985,55911.143177958336,54721.544386937945,55613.74348020324,,,1386000
18/02/2022,54899.984205591005,55018.944084693045,54543.104568284885,54840.504266039985,,,618800
17/02/2022,54662.064447386925,55197.383903346104,54126.74499142775,55197.383903346104,,,911400
16/02/2022,54543.104568284885,55018.944084693045,54305.18481008081,54305.18481008081,,,815200
15/02/2022,54126.74499142775,54543.104568284885,53829.34529367265,54186.22493097877,,,655400
14/02/2022,54126.74499142775,54483.624628733865,53769.86535412163,54126.74499142775,,,774100
11/02/2022,54602.584507835905,54959.464145142025,54364.66474963183,54483.624628733865,,,1104200
10/02/2022,54364.66474963183,54721.544386937945,53650.905475019594,54721.544386937945,,,1119900
09/02/2022,54543.104568284885,54543.104568284885,53888.82523322367,53948.30517277469,,,1342700
08/02/2022,53234.54589816246,54602.584507835905,53234.54589816246,53888.82523322367,,,845100
07/02/2022,53531.945595917554,53591.425535468574,52937.14620040736,53234.54589816246,,,969200
28/01/2022,51152.74801387678,53234.54589816246,51093.26807432576,53234.54589816246,,,1985200
27/01/2022,51152.74801387678,51569.10759073391,50795.86837657066,51093.26807432576,,,774500
26/01/2022,51747.54740938697,51747.54740938697,50855.34831612168,51152.74801387678,,,1093600
25/01/2022,50676.90849746862,52044.94710714207,49963.14922285639,51450.14771163187,,,2842600
24/01/2022,52461.3066839992,52639.74650265226,50557.94861836658,50736.38843701964,,,3831200
21/01/2022,52937.14620040736,53412.985716815514,52461.3066839992,52461.3066839992,,,927500
20/01/2022,52580.26656310124,54126.74499142775,52520.78662355022,52818.18632130532,,,1355600
19/01/2022,52401.82674444818,53056.1060795094,52342.34680489716,52520.78662355022,,,794900
18/01/2022,52520.78662355022,53294.02583771348,52342.34680489716,52401.82674444818,,,1301900
17/01/2022,53829.34529367265,54305.18481008081,52937.14620040736,52937.14620040736,,,1972700
14/01/2022,54543.104568284885,54781.024326488965,54067.26505187673,54305.18481008081,,,909300
13/01/2022,54067.26505187673,55137.903963795085,53412.985716815514,54781.024326488965,,,1947800
12/01/2022,52996.62613995838,53888.82523322367,52639.74650265226,53294.02583771348,,,2240700
11/01/2022,54721.544386937945,54840.504266039985,52996.62613995838,53234.54589816246,,,2746600
10/01/2022,55435.30366155018,55613.74348020324,54662.064447386925,54721.544386937945,,,2733400
07/01/2022,55375.823721999164,55732.70335930528,55375.823721999164,55554.26354065222,,,1357800
06/01/2022,55673.22341975426,55911.143177958336,55613.74348020324,55613.74348020324,,,2304700
05/01/2022,55732.70335930528,56030.103057060376,55613.74348020324,55673.22341975426,,,1789800
04/01/2022,55554.26354065222,56030.103057060376,55494.7836011012,55613.74348020324,,,2149300
31/12/2021,55792.1832988563,56149.062936162416,55316.343782448144,55316.343782448144,,,1739700
30/12/2021,55732.70335930528,56089.582996611396,55613.74348020324,55673.22341975426,,,1226800
29/12/2021,56386.982694366496,56386.982694366496,55673.22341975426,55673.22341975426,,,912200
28/12/2021,56208.542875713436,56446.462633917516,55970.623117509356,56208.542875713436,,,1199600
27/12/2021,56030.103057060376,56505.94257346853,55494.7836011012,56208.542875713436,,,1063700
24/12/2021,55613.74348020324,56208.542875713436,55197.383903346104,55792.1832988563,,,1224100
23/12/2021,56505.94257346853,56505.94257346853,55316.343782448144,55435.30366155018,,,3647858
22/12/2021,56505.94257346853,56743.86233167261,56268.022815264456,56505.94257346853,,,2206500
21/12/2021,56922.30215032567,57041.26202942771,56565.42251301955,56624.90245257057,,,1711718
20/12/2021,57398.14166673383,57398.14166673383,56803.34227122363,56981.78208987669,,,1832100
17/12/2021,56862.82221077465,57695.54136448892,56803.34227122363,57338.66172718281,,,1388100
16/12/2021,57992.94106224402,57992.94106224402,56803.34227122363,56803.34227122363,,,1763600
15/12/2021,56922.30215032567,57279.18178763179,56862.82221077465,57041.26202942771,,,2927500
14/12/2021,57100.74196897873,57338.66172718281,56743.86233167261,56922.30215032567,,,2175500
13/12/2021,57398.14166673383,57398.14166673383,56862.82221077465,57100.74196897873,,,1073804
10/12/2021,57338.66172718281,57695.54136448892,56743.86233167261,56981.78208987669,,,1624900
09/12/2021,56565.42251301955,57695.54136448892,56565.42251301955,57695.54136448892,,,1169100
08/12/2021,57398.14166673383,57398.14166673383,56505.94257346853,56862.82221077465,,,1150300
07/12/2021,56505.94257346853,57100.74196897873,56208.542875713436,57100.74196897873,,,1451000
06/12/2021,56803.34227122363,57398.14166673383,56030.103057060376,56208.542875713436,,,3217900
03/12/2021,58171.38088089708,58171.38088089708,56803.34227122363,56803.34227122363,,,2009700
02/12/2021,58052.42100179504,58468.78057865218,57814.50124359096,57814.50124359096,,,1162895
01/12/2021,57992.94106224402,58647.22039730523,57517.10154583586,58409.30063910116,,,1254900
30/11/2021,58349.82069955014,58587.74045775421,57695.54136448892,57755.02130403994,,,2583100
29/11/2021,57992.94106224402,58825.66021595829,57992.94106224402,58349.82069955014,,,2867500
26/11/2021,59539.41949057053,59955.77906742766,58766.18027640727,58825.66021595829,,,1996200
25/11/2021,58587.74045775421,60550.57846293786,58468.78057865218,59479.93955101951,,,6169200
24/11/2021,57517.10154583586,58528.2605182032,57338.66172718281,58230.8608204481,,,2906717
23/11/2021,56505.94257346853,57457.62160628485,56446.462633917516,57457.62160628485,,,2613175
22/11/2021,56803.34227122363,57100.74196897873,56505.94257346853,56505.94257346853,,,1863500
19/11/2021,57992.94106224402,58171.38088089708,56565.42251301955,56684.38239212159,,,3224800
18/11/2021,58468.78057865218,58706.70033685625,57398.14166673383,57398.14166673383,,,2842000
17/11/2021,58468.78057865218,58528.2605182032,58290.34075999912,58468.78057865218,,,2196600
16/11/2021,57873.98118314198,59182.53985326441,57576.58148538688,58468.78057865218,,,4106200
15/11/2021,58587.74045775421,58587.74045775421,57873.98118314198,57873.98118314198,,,1994800
12/11/2021,57219.70184808077,58409.30063910116,57041.26202942771,58290.34075999912,,,2367800
11/11/2021,57695.54136448892,58290.34075999912,56981.78208987669,57100.74196897873,,,2663500
10/11/2021,57338.66172718281,57695.54136448892,57041.26202942771,57695.54136448892,,,1927600
09/11/2021,57992.94106224402,58052.42100179504,57100.74196897873,57338.66172718281,,,2124900
08/11/2021,58052.42100179504,58587.74045775421,57873.98118314198,57933.461122693,,,1789900
05/11/2021,57219.70184808077,58171.38088089708,57100.74196897873,58052.42100179504,,,2207900
04/11/2021,57160.22190852975,57576.58148538688,56922.30215032567,57100.74196897873,,,2041000
03/11/2021,57219.70184808077,57517.10154583586,56624.90245257057,57160.22190852975,,,2782100
02/11/2021,56803.34227122363,57695.54136448892,56803.34227122363,57160.22190852975,,,2159100
01/11/2021,57933.461122693,57933.461122693,56862.82221077465,56981.78208987669,,,3281500
29/10/2021,58290.34075999912,58290.34075999912,57636.0614249379,57636.0614249379,,,2709100
28/10/2021,58409.30063910116,58528.2605182032,57814.50124359096,58290.34075999912,,,1684400
27/10/2021,57576.58148538688,58409.30063910116,57398.14166673383,58409.30063910116,,,10939400
26/10/2021,56505.94257346853,57636.0614249379,56089.582996611396,57636.0614249379,,,2037700
25/10/2021,57219.70184808077,57219.70184808077,56446.462633917516,56446.462633917516,,,3596425
22/10/2021,57695.54136448892,57933.461122693,57160.22190852975,57219.70184808077,,,2801900
21/10/2021,58528.2605182032,58587.74045775421,57517.10154583586,57517.10154583586,,,2415600
20/10/2021,58706.70033685625,59182.53985326441,57457.62160628485,58052.42100179504,,,2248600
19/10/2021,58885.14015550931,59182.53985326441,58647.22039730523,58647.22039730523,,,2031900
18/10/2021,58885.14015550931,59479.93955101951,58647.22039730523,58885.14015550931,,,2504100
15/10/2021,59123.05991371339,59539.41949057053,58528.2605182032,58825.66021595829,,,1702500
14/10/2021,59123.05991371339,59479.93955101951,58528.2605182032,58766.18027640727,,,2487400
13/10/2021,58885.14015550931,60372.1386442848,58587.74045775421,59123.05991371339,,,3760100
12/10/2021,59004.10003461135,59004.10003461135,58587.74045775421,58885.14015550931,,,4936439
11/10/2021,58885.14015550931,59063.57997416237,58468.78057865218,59004.10003461135,,,2539300
08/10/2021,56505.94257346853,59182.53985326441,56149.062936162416,58825.66021595829,,,8665000
07/10/2021,56446.462633917516,56505.94257346853,55970.623117509356,56089.582996611396,,,1597000
06/10/2021,56208.542875713436,56327.502754815476,55732.70335930528,56149.062936162416,,,2223400
05/10/2021,56505.94257346853,57100.74196897873,56149.062936162416,56149.062936162416,,,1856761
04/10/2021,55316.343782448144,56624.90245257057,54959.464145142025,56268.022815264456,,,3233100
01/10/2021,55256.863842897124,55375.823721999164,55018.944084693045,55256.863842897124,,,3863388
30/09/2021,55613.74348020324,55851.66323840732,55316.343782448144,55316.343782448144,,,1016900
29/09/2021,55316.343782448144,55554.26354065222,54899.984205591005,55435.30366155018,,,1657700
28/09/2021,54543.104568284885,55316.343782448144,54424.144689182845,55316.343782448144,,,2693000
27/09/2021,55256.863842897124,55613.74348020324,54781.024326488965,54781.024326488965,,,2192700
24/09/2021,55435.30366155018,55435.30366155018,55137.903963795085,55137.903963795085,,,1489000
23/09/2021,55435.30366155018,55792.1832988563,55316.343782448144,55375.823721999164,,,2099700
22/09/2021,55435.30366155018,55554.26354065222,55137.903963795085,55435.30366155018,,,2552300
21/09/2021,55554.26354065222,55911.143177958336,55018.944084693045,55613.74348020324,,,2697100
20/09/2021,57100.74196897873,57219.70184808077,55970.623117509356,56149.062936162416,,,2764400
17/09/2021,56803.34227122363,57695.54136448892,56743.86233167261,56922.30215032567,,,4569300
16/09/2021,56149.062936162416,56505.94257346853,56030.103057060376,56327.502754815476,,,2428700
15/09/2021,55792.1832988563,56149.062936162416,55494.7836011012,55970.623117509356,,,2137100
14/09/2021,55494.7836011012,56327.502754815476,55316.343782448144,55792.1832988563,,,2743300
13/09/2021,55673.22341975426,55911.143177958336,55256.863842897124,55316.343782448144,,,1800000
10/09/2021,55554.26354065222,56149.062936162416,55554.26354065222,55613.74348020324,,,1480100
09/09/2021,55375.823721999164,55851.66323840732,55197.383903346104,55435.30366155018,,,1493700
08/09/2021,55613.74348020324,56030.103057060376,55197.383903346104,55375.823721999164,,,1623800
07/09/2021,56684.38239212159,56684.38239212159,55613.74348020324,55613.74348020324,,,2570600
06/09/2021,54959.464145142025,56446.462633917516,54899.984205591005,56446.462633917516,,,3175000
01/09/2021,54781.024326488965,55316.343782448144,54781.024326488965,54959.464145142025,,,1593300
31/08/2021,54899.984205591005,55435.30366155018,54721.544386937945,54959.464145142025,,,2377500
30/08/2021,55316.343782448144,55316.343782448144,54781.024326488965,54840.504266039985,,,1660867
27/08/2021,54126.74499142775,54721.544386937945,53888.82523322367,54721.544386937945,,,2345800
26/08/2021,54721.544386937945,55256.863842897124,54245.70487052979,54364.66474963183,,,1998700
25/08/2021,54959.464145142025,54959.464145142025,54126.74499142775,54662.064447386925,,,1984700
24/08/2021,54424.144689182845,54721.544386937945,53472.465656366534,54662.064447386925,,,5209965
23/08/2021,55018.944084693045,55018.944084693045,54126.74499142775,54126.74499142775,,,4631200
20/08/2021,56208.542875713436,56327.502754815476,54186.22493097877,55197.383903346104,,,5406200
19/08/2021,56505.94257346853,56505.94257346853,55792.1832988563,56208.542875713436,,,3142900
18/08/2021,55792.1832988563,56446.462633917516,55792.1832988563,55911.143177958336,,,2015000
17/08/2021,55970.623117509356,56268.022815264456,55613.74348020324,55792.1832988563,,,3254100
16/08/2021,56505.94257346853,56624.90245257057,56149.062936162416,56268.022815264456,,,2018600
13/08/2021,54792.9203128996,55911.143176428166,54734.066477977045,55911.143176428166,,,4133200
12/08/2021,56381.97385580861,56499.68152565372,54969.48181766727,55204.89715735749,,,8924200
11/08/2021,57500.196719337175,57559.05055425973,56558.53536057628,56558.53536057628,,,5798100
10/08/2021,57853.31972887251,57912.17356379506,57441.34288441462,57559.05055425973,,,2980700
09/08/2021,57088.21987487928,57500.196719337175,56440.82769073117,57382.48904949206,,,3731500
06/08/2021,56970.51220503417,57205.92754472439,56381.97385580861,56852.80453518906,,,4405400
05/08/2021,56028.85084627327,57088.21987487928,55852.28934150561,56852.80453518906,,,3046100
04/08/2021,56440.82769073117,56617.389195498836,55852.28934150561,56264.2661859635,,,3253400
03/08/2021,56381.97385580861,56499.68152565372,55734.5816716605,56381.97385580861,,,3742200
02/08/2021,55322.6048272026,56852.80453518906,55322.6048272026,56264.2661859635,,,4789500
30/07/2021,55028.33565258983,55793.43550658305,54616.35880813193,55322.6048272026,,,7597700
29/07/2021,54145.52812875148,55263.750992280045,53968.96662398382,54969.48181766727,,,3863200
28/07/2021,54616.35880813193,55146.04332243493,53968.96662398382,54145.52812875148,,,3366700
27/07/2021,55558.02016689283,55852.28934150561,54439.79730336426,54851.77414782216,,,6783100
26/07/2021,53145.012935068036,55263.750992280045,53086.15910014548,55146.04332243493,,,7447600
23/07/2021,52615.32842076503,54675.21264305449,52203.35157630714,53262.72060491314,,,7745700
22/07/2021,50732.00570324324,52733.03609061014,50732.00570324324,52615.32842076503,,,4475571
21/07/2021,51085.128712778576,51732.52089692669,50673.15186832068,50967.42104293346,,,4340686
20/07/2021,49908.052014327455,51085.128712778576,49378.367500024455,51085.128712778576,,,3895576
19/07/2021,50143.46735401768,50849.71337308835,49731.490509559786,49849.1981794049,,,3628800
16/07/2021,50555.44419847557,51791.374731849246,50320.02885878535,51085.128712778576,,,2385700
15/07/2021,49849.1981794049,50967.42104293346,49849.1981794049,50261.175023862794,,,2734600
14/07/2021,51555.95939215902,51555.95939215902,49849.1981794049,50143.46735401768,,,2607200
13/07/2021,51143.98254770113,51379.39788739135,50025.75968417257,51202.83638262369,,,2634900
12/07/2021,52262.20541122969,52791.8899255327,49201.805995256786,50673.15186832068,,,7615900
09/07/2021,52733.03609061014,54145.52812875148,52262.20541122969,52791.8899255327,,,4288900
08/07/2021,53203.866769990585,53262.72060491314,52379.9130810748,52850.743760455254,,,2617322
07/07/2021,51202.83638262369,53556.989779525924,50025.75968417257,53262.72060491314,,,6182100
06/07/2021,54439.79730336426,54734.066477977045,51202.83638262369,51202.83638262369,,,3824100
05/07/2021,55911.143176428166,55911.143176428166,53556.989779525924,54557.504973209376,,,6430028
02/07/2021,52556.47458584247,54439.79730336426,52321.05924615225,54086.67429382893,,,3908500
01/07/2021,51850.2285667718,52321.05924615225,51791.374731849246,52321.05924615225,,,1700100
30/06/2021,52379.9130810748,52438.76691599736,51791.374731849246,51791.374731849246,,,2174432
29/06/2021,50967.42104293346,52379.9130810748,50790.859538165794,52144.497741384585,,,5571900
28/06/2021,50673.15186832068,50673.15186832068,50261.175023862794,50437.736528630456,,,1858800
25/06/2021,49849.1981794049,50261.175023862794,49554.92900479212,50143.46735401768,,,1613400
24/06/2021,49613.78283971467,49966.90584925001,49378.367500024455,49849.1981794049,,,2207800
23/06/2021,50202.32118894024,50378.8826937079,49496.07516986956,49966.90584925001,,,3010300
22/06/2021,50673.15186832068,50967.42104293346,50261.175023862794,50261.175023862794,,,3285300
21/06/2021,49201.805995256786,50790.859538165794,48966.39065556656,50378.8826937079,,,3990900
18/06/2021,48907.536820644,49554.92900479212,48672.12148095378,49319.5136651019,,,1728500
17/06/2021,48318.99847141845,48907.536820644,48318.99847141845,48613.26764603122,,,2346400
16/06/2021,48966.39065556656,49790.34434448234,48672.12148095378,48907.536820644,,,2774400
15/06/2021,49319.5136651019,49731.490509559786,48966.39065556656,48966.39065556656,,,1778700
14/06/2021,49142.95216033423,49790.34434448234,48848.68298572145,49319.5136651019,,,4650976
11/06/2021,47965.87546188311,49378.367500024455,47848.167792037995,49142.95216033423,,,2439600
10/06/2021,48083.58313172822,48554.413811108665,47671.606287270326,48201.290801573334,,,2578556
09/06/2021,47436.19094758011,48318.99847141845,46494.52958881921,48083.58313172822,,,3602100
08/06/2021,48260.14463649589,48848.68298572145,47436.19094758011,47553.89861742521,,,4886000
07/06/2021,49790.34434448234,49849.1981794049,47671.606287270326,48672.12148095378,,,4269800
04/06/2021,50025.75968417257,50084.613519095125,49319.5136651019,49849.1981794049,,,5945600
03/06/2021,50025.75968417257,50261.175023862794,49613.78283971467,50143.46735401768,,,4495770
02/06/2021,51261.690217546246,51497.105557236464,50025.75968417257,50320.02885878535,,,5240005
01/06/2021,51732.52089692669,52085.64390646203,51202.83638262369,51261.690217546246,,,3495000
31/05/2021,48375.0451395395,49641.40757774734,47969.809159312994,49590.75308021903,,,4421806
28/05/2021,47615.2276766148,48121.77265189793,47463.26418402985,48020.463656841304,,,1874300
27/05/2021,48273.73614448287,48324.39064201119,47361.95518897323,47513.91868155817,,,2974924
26/05/2021,47716.53667167143,48375.0451395395,47463.26418402985,48273.73614448287,,,2097800
25/05/2021,47361.95518897323,48223.08164695456,47007.37370627504,47513.91868155817,,,2232300
24/05/2021,47513.91868155817,47564.57317908648,46652.792223576835,47361.95518897323,,,3680121
21/05/2021,47767.19116919974,48932.24461235095,47108.68270133166,47513.91868155817,,,6641600
20/05/2021,45994.28375570876,48375.0451395395,45791.665765595506,48375.0451395395,,,4055300
19/05/2021,44322.685337274415,46146.2472482937,43968.10385457621,45994.28375570876,,,2896300
18/05/2021,43765.485864462964,44272.0308397461,43664.176869406336,44069.41284963284,,,2281300
17/05/2021,43461.55887929308,43866.79485951959,43157.6318941232,43410.90438176477,,,4489400
14/05/2021,42701.74141636838,43664.176869406336,42600.43242131175,42955.013904009946,,,1908700
13/05/2021,43056.322899066574,43258.94088917982,42549.77792378343,42549.77792378343,,,2789200
12/05/2021,43056.322899066574,43258.94088917982,42701.74141636838,43258.94088917982,,,1864500
11/05/2021,43562.86787434971,43866.79485951959,43157.6318941232,43157.6318941232,,,2284000
10/05/2021,42093.88744602861,43562.86787434971,42043.2329485003,43461.55887929308,,,4581300
07/05/2021,41891.26945591536,42549.77792378343,41688.651465802104,42043.2329485003,,,2750900
06/05/2021,42043.2329485003,42296.505436141866,41637.996968273794,41891.26945591536,,,1969000
05/05/2021,42803.05041142501,42803.05041142501,41891.26945591536,41992.57845097199,,,2347200
04/05/2021,40523.59802265089,42296.505436141866,40523.59802265089,41992.57845097199,,,3425700
29/04/2021,40928.8340028774,41435.37897816054,40928.8340028774,40979.488500405714,,,2228900
28/04/2021,40574.2525201792,41182.10649051897,40574.2525201792,40928.8340028774,,,1727649
27/04/2021,40726.21601276415,41232.76098804728,40574.2525201792,40878.179505349086,,,1812100
26/04/2021,41789.96046085873,41941.92395344367,40776.87051029246,41030.142997934025,,,3116300
23/04/2021,40523.59802265089,42043.2329485003,40371.63453006595,42043.2329485003,,,3206400
22/04/2021,41536.687973217166,42499.12342625512,40523.59802265089,40523.59802265089,,,2424200
20/04/2021,41435.37897816054,43005.668401538256,41334.06998310391,41992.57845097199,,,5067760
19/04/2021,40523.59802265089,41283.41548557559,40270.325535009324,41283.41548557559,,,3550700
16/04/2021,40422.28902759426,41131.45199299065,39915.74405231113,40371.63453006595,,,2595600
15/04/2021,41030.142997934025,41232.76098804728,40422.28902759426,40523.59802265089,,,3080200
14/04/2021,40523.59802265089,41030.142997934025,40270.325535009324,41030.142997934025,,,2530600
13/04/2021,41536.687973217166,41637.996968273794,40776.87051029246,40878.179505349086,,,3303300
12/04/2021,41739.305963330415,41739.305963330415,41283.41548557559,41587.342470745476,,,2119500
09/04/2021,40472.94352512258,42043.2329485003,40472.94352512258,41587.342470745476,,,4984795
08/04/2021,40624.90701770752,40827.525007820775,40270.325535009324,40320.980032537635,,,2129800
07/04/2021,40118.362042424385,40371.63453006595,40067.70754489607,40320.980032537635,,,2055600
06/04/2021,40067.70754489607,40523.59802265089,40067.70754489607,40219.671037481006,,,1632800
05/04/2021,40726.21601276415,40776.87051029246,39966.39854983944,40320.980032537635,,,2757500
02/04/2021,40726.21601276415,40776.87051029246,40422.28902759426,40422.28902759426,,,1991200
01/04/2021,39459.853574556306,40371.63453006595,39459.853574556306,40371.63453006595,,,3150900
31/03/2021,39054.61759432979,39561.162569612934,38801.345106688226,39358.54457949968,,,1420000
30/03/2021,39459.853574556306,39510.508072084616,39003.96309680148,39054.61759432979,,,1712500
29/03/2021,38750.690609159916,39561.162569612934,38548.07261904666,39307.89008197137,,,2034665
26/03/2021,38598.72711657498,38902.654101744854,37737.60065859364,38548.07261904666,,,2672600
25/03/2021,39257.23558444305,39257.23558444305,38750.690609159916,38801.345106688226,,,2355400
24/03/2021,39459.853574556306,39966.39854983944,38750.690609159916,39003.96309680148,,,2788500
23/03/2021,39763.78055972618,40523.59802265089,39662.47156466956,39915.74405231113,,,2333200
22/03/2021,40270.325535009324,40320.980032537635,39662.47156466956,39865.08955478281,,,3074800
19/03/2021,40523.59802265089,40776.87051029246,40219.671037481006,40422.28902759426,,,2923500
18/03/2021,41030.142997934025,41030.142997934025,40523.59802265089,41030.142997934025,,,2177500
17/03/2021,41283.41548557559,41283.41548557559,40523.59802265089,40928.8340028774,,,2573500
16/03/2021,39003.96309680148,41283.41548557559,38801.345106688226,41030.142997934025,,,5171000
15/03/2021,38801.345106688226,39257.23558444305,38548.07261904666,38750.690609159916,,,1801400
